session_id,dialogue_response
303_turn_000,i'm great thanks
303_turn_001,really
303_turn_002,what's your dream job
303_turn_003,that makes sense
303_turn_004,let's come back to that later
303_turn_005,has that gotten you in trouble
303_turn_006,that's good
303_turn_007,that sounds like a great situation
303_turn_008,yeah i see what you mean
303_turn_009,whatever comes to your mind
303_turn_010,that's so good to hear
303_turn_011,yeah there are always tradeoffs in life aren't there
303_turn_012,how close are you to them
303_turn_013,tell me more about that
303_turn_014,i'm sorry
303_turn_015,<laughter>
303_turn_016,hm okay
303_turn_017,have you been diagnosed with depression
303_turn_018,goodbye
304_turn_000,that's good
304_turn_001,nice are you still doing that
304_turn_002,how hard is that
304_turn_003,really
304_turn_004,that's so good to hear
304_turn_005,<laughter>
304_turn_006,could you have done anything to avoid it
304_turn_007,let's come back to that later
304_turn_008,what are some things that make you really mad
304_turn_009,whatever comes to your mind
304_turn_010,do you feel that way often
304_turn_011,really
304_turn_012,<laughter>
304_turn_013,oh my gosh
304_turn_014,yeah that sucks
304_turn_015,that's so good to hear
304_turn_016,that's a long time
304_turn_017,<laughter> do you travel a lot
304_turn_018,what do you enjoy about traveling
304_turn_019,really
304_turn_020,what are you like when you don't sleep well
304_turn_021,do you feel that way often
304_turn_022,aw okay
304_turn_023,that's good
304_turn_024,have you ever been diagnosed with p_t_s_d
304_turn_025,have you ever served in the military
304_turn_026,how do you know them
304_turn_027,that's good
304_turn_028,<laughter>
304_turn_029,let's come back to that later
304_turn_030,i'd love to hear all about it
304_turn_031,that sounds really hard
304_turn_032,how do you know them
305_turn_000,that's good
305_turn_001,really
305_turn_002,it can be tough to find a good job these days
305_turn_003,how do you know them
305_turn_004,that's good
305_turn_005,really
305_turn_006,how did you decide to do that
305_turn_007,uh huh
305_turn_008,i'm sorry to hear that
305_turn_009,what are some things you like to do for fun
305_turn_010,that's great
305_turn_011,whatever comes to your mind
305_turn_012,oh my gosh
305_turn_013,awesome
305_turn_014,okay could you have done anything to avoid it
305_turn_015,i see what you mean
305_turn_016,what are you like when you don't sleep well
305_turn_017,do you feel like therapy is useful
305_turn_018,do you feel like therapy is useful
305_turn_019,why don't we talk about that later
305_turn_020,how hard is that
305_turn_021,i understand
305_turn_022,did you think you had a problem before you found out
305_turn_023,how has seeing a therapist affected you
305_turn_024,that's so good to hear
305_turn_025,why did you stop
305_turn_026,i'm sorry
305_turn_027,<laughter>
305_turn_028,that sounds like a great situation
310_turn_000,that's good
310_turn_001,where are you from originally
310_turn_002,how does it compare to l_a
310_turn_003,why'd you move to l_a
310_turn_004,what do you enjoy about traveling
310_turn_005,really
310_turn_006,i'd love to hear about one of your trips
310_turn_007,awesome
310_turn_008,what do you do when you're annoyed
310_turn_009,could you say a little more about that
310_turn_010,i see what you mean
310_turn_011,<laughter>
310_turn_012,really
310_turn_013,what's one of your most memorable experiences
310_turn_014,whatever comes to your mind
310_turn_015,awesome
310_turn_016,that sounds like a great situation
310_turn_017,how do you know them
310_turn_018,how do you like your living situation
310_turn_019,i'm sorry to hear that
310_turn_020,what's it like for you living with them
310_turn_021,i understand
310_turn_022,have you ever been diagnosed with p_t_s_d
310_turn_023,have you been diagnosed with depression
310_turn_024,have you noticed any changes in your behavior or thoughts lately
310_turn_025,have you noticed any changes in your behavior or thoughts lately
310_turn_026,how easy is it for you to get a good night's sleep
310_turn_027,do you feel down
310_turn_028,do you feel that way often
310_turn_029,when was the last time you felt really happy
310_turn_030,what would you say are some of your best qualities
310_turn_031,<laughter>
310_turn_032,that's great
310_turn_033,tell me about something you did recently that you really enjoyed
310_turn_034,can you tell me about that
310_turn_035,<laughter>
310_turn_036,i see what you mean
310_turn_037,what made you decide to do that
310_turn_038,whatever comes to your mind
310_turn_039,what advice would you give yourself ten or twenty years ago
310_turn_040,okay i think i've asked everything i need to
312_turn_000,i'm great thanks
312_turn_001,what are some things you don't really like about l_a
312_turn_002,<laughter>
312_turn_003,do you travel a lot
312_turn_004,what do you enjoy about traveling
312_turn_005,what'd you study at school
312_turn_006,are you still working in that
312_turn_007,what do you do now
312_turn_008,awesome
312_turn_009,<laughter>
312_turn_010,who's someone that's been a positive influence in your life
312_turn_011,when was the last time you argued with someone and what was it about
312_turn_012,i see what you mean
312_turn_013,awesome
312_turn_014,what are some things that usually put you in a good mood
312_turn_015,tell me more about that
312_turn_016,really
312_turn_017,how old were you when you joined the military
312_turn_018,you were very young weren't you
312_turn_019,have you been diagnosed with depression
312_turn_020,how easy is it for you to get a good night's sleep
312_turn_021,that makes sense
312_turn_022,uh huh
312_turn_023,how hard is that
313_turn_000,that's good
313_turn_001,really
313_turn_002,when'd you move to l_a
313_turn_003,how often do you go back to your home town
313_turn_004,what are some things you don't really like about l_a
313_turn_005,i see what you mean
313_turn_006,what do you do when you're annoyed
313_turn_007,uh huh
313_turn_008,when was the last time you argued with someone and what was it about
313_turn_009,how did you feel in that moment
313_turn_010,are you still doing that
313_turn_011,what's your dream job
313_turn_012,really
313_turn_013,do you travel a lot
313_turn_014,i'd love to hear about one of your trips
313_turn_015,uh huh
313_turn_016,when was the last time you felt really happy
313_turn_017,tell me more about that
313_turn_018,have you been diagnosed with depression
313_turn_019,how long ago were you diagnosed
313_turn_020,what got you to seek help
313_turn_021,do you feel like therapy's useful
313_turn_022,can you give me an example of that
313_turn_023,that's so good to hear
313_turn_024,how has seeing a therapist affected you
313_turn_025,i see what you mean
313_turn_026,<laughter>
313_turn_027,what would you say are some of your best qualities
313_turn_028,what are you most proud of in your life
313_turn_029,can you give me an example of that
313_turn_030,that's good
315_turn_000,really
315_turn_001,that's so good to hear
315_turn_002,awesome
315_turn_003,what are some things that make you really mad
315_turn_004,what do you do when you're annoyed
315_turn_005,when was the last time you argued with someone and what was it about
315_turn_006,uh huh
315_turn_007,do you find it easy to be a parent
315_turn_008,what's the best thing about being a parent
315_turn_009,what's the hardest thing about being a parent
315_turn_010,how close are you to your family
315_turn_011,what do you think of today's kids
315_turn_012,awesome
315_turn_013,that sounds like a great situation
315_turn_014,have you ever been diagnosed with p_t_s_d
315_turn_015,have you been diagnosed with depression
315_turn_016,how easy is it for you to get a good night's sleep
315_turn_017,what are you like when you don't sleep well
315_turn_018,when was the last time that happened
315_turn_019,have you noticed any changes in your behavior or thoughts lately
315_turn_020,that's a long time
315_turn_021,that's great
315_turn_022,what made you decide to do that
315_turn_023,can you give me an example of that
315_turn_024,i'm sorry to hear that
315_turn_025,how did you feel in that moment
315_turn_026,what advice would you give yourself ten or twenty years ago
315_turn_027,tell me more about that
315_turn_028,awesome
315_turn_029,that makes sense
315_turn_030,that's great
316_turn_000,what do you do now
316_turn_001,when'd you move to l_a
316_turn_002,uh huh
316_turn_003,can you give me an example of that
316_turn_004,that's good
316_turn_005,what's your dream job
316_turn_006,how hard is that
316_turn_007,i'm sorry to hear that
316_turn_008,that's great
316_turn_009,awesome
316_turn_010,when was the last time that happened
316_turn_011,i'd love to hear about one of your trips
316_turn_012,really
316_turn_013,that's so good to hear
316_turn_014,have you ever been diagnosed with p_t_s_d
316_turn_015,have you been diagnosed with depression
316_turn_016,how long ago were you diagnosed
316_turn_017,what got you to seek help
316_turn_018,do you feel down
316_turn_019,that sounds really hard
316_turn_020,i'm sorry to hear that
316_turn_021,tell me more about that
316_turn_022,it can be tough to find a good job these days
316_turn_023,that's great
316_turn_024,do you still go to therapy now
316_turn_025,uh huh
316_turn_026,what was it about
316_turn_027,is it uncomfortable for you to talk about this
316_turn_028,that's good
316_turn_029,could you have done anything to avoid it
316_turn_030,what made you decide to do that
316_turn_031,why don't we talk about that later
316_turn_032,there are always trade offs in life aren't there
316_turn_033,do you think that maybe you're being a little hard on yourself
316_turn_034,that's great
316_turn_035,that's so good to hear
317_turn_000,i'm sorry to hear that
317_turn_001,really
317_turn_002,when'd you move to l_a
317_turn_003,how easy was it for you to get used to living in l_a
317_turn_004,i understand
317_turn_005,really
317_turn_006,i'm sorry
317_turn_007,that sucks
317_turn_008,how close are you to your family <asks do you travel a lot simultaneously>
317_turn_009,what do you enjoy about traveling
317_turn_010,i'd love to hear about one of your trips
317_turn_011,awesome
317_turn_012,how are you at controlling your temper
317_turn_013,what are some things that make you really mad
317_turn_014,can you give me an example of that
317_turn_015,i see what you mean
317_turn_016,that's good
317_turn_017,what's your dream job
317_turn_018,have you ever been diagnosed with p_t_s_d
317_turn_019,how long ago were you diagnosed
317_turn_020,what got you to seek help
317_turn_021,do you feel like therapy's useful
317_turn_022,do you still go to therapy now
317_turn_023,what sort of changes have you noticed since you've been going to therapy
317_turn_024,have you been diagnosed with depression
317_turn_025,how have you been feeling lately
317_turn_026,tell me more about that
317_turn_027,i'm sorry to hear that
317_turn_028,what would you say are some of your best qualities
317_turn_029,that's great
317_turn_030,when was the last time that happened
317_turn_031,what was it about
317_turn_032,awesome
317_turn_033,what advice would you give yourself ten or twenty years ago
317_turn_034,could you have done anything to avoid it
317_turn_035,tell me more about that
317_turn_036,how did you feel in that moment
317_turn_037,who's someone that's been a positive influence in your life
317_turn_038,that sounds really hard
317_turn_039,how close are you to them
317_turn_040,what'd you study at school
317_turn_041,that sounds interesting
318_turn_000,really
318_turn_001,are you still doing that
318_turn_002,what's your dream job
318_turn_003,that sounds interesting
318_turn_004,do you feel that way often
318_turn_005,what are some things that make you really mad
318_turn_006,i understand
318_turn_007,how are you at controlling your temper
318_turn_008,that's good
318_turn_009,<laughter> okay
318_turn_010,what do you enjoy about traveling
318_turn_011,i'd love to hear about one of your trips
318_turn_012,<laughter>
318_turn_013,how do you like your living situation
318_turn_014,do you have roommates
318_turn_015,have you ever been diagnosed with p_t_s_d
318_turn_016,have you been diagnosed with depression
318_turn_017,how easy is it for you to get a good night's sleep
318_turn_018,what advice would you give yourself ten or twenty years ago
318_turn_019,could you have done anything to avoid it
318_turn_020,that's great
318_turn_021,i'd love to hear all about it
318_turn_022,awesome
318_turn_023,that's so good to hear
319_turn_000,i see what you mean
319_turn_001,what's your dream job
319_turn_002,what do you do now
319_turn_003,i'm sorry to hear that
319_turn_004,it can be tough to find a good job these days
319_turn_005,that sounds interesting
319_turn_006,how are you at controlling your temper
319_turn_007,that's good
319_turn_008,what's one of your most memorable experiences
319_turn_009,tell me more about that
319_turn_010,that's great
319_turn_011,what's the best thing about being a parent
319_turn_012,what's the hardest thing about being a parent
319_turn_013,that makes sense
319_turn_014,how did you feel in that moment
319_turn_015,that's great
319_turn_016,why why
319_turn_017,have you ever been diagnosed with p_t_s_d
319_turn_018,have you been diagnosed with depression
319_turn_019,how long ago were you diagnosed
319_turn_020,what got you to seek help
319_turn_021,did you think you had a problem before you found out
319_turn_022,what were your symptoms
319_turn_023,i'm sorry to hear that
319_turn_024,do you feel like therapy's useful
319_turn_025,can you tell me about that
319_turn_026,what sort of changes have you noticed since you've been going to therapy
319_turn_027,that sounds really hard
319_turn_028,could you say a little more about that
319_turn_029,i see what you mean
319_turn_030,how would your best friend describe you
319_turn_031,that's so good to hear
319_turn_032,what advice would you give yourself ten or twenty years ago
319_turn_033,okay i think i've asked everything i need to
319_turn_034,goodbye
320_turn_000,[laughter]
320_turn_001,what's your dream job
320_turn_002,what'd you study at school
320_turn_003,that sounds interesting
320_turn_004,how did you decide to do that
320_turn_005,that's good
320_turn_006,why don't we talk about that later
320_turn_007,when was the last time you argued with someone and what was it about
320_turn_008,<laughter>
320_turn_009,what would you say are some of your best qualities
320_turn_010,can you give me an example of that
320_turn_011,that's great
320_turn_012,i'm sorry to hear that
320_turn_013,how have you been feeling lately
320_turn_014,could you say a little more about that
320_turn_015,i'm sorry
320_turn_016,what are you like when you don't sleep well
320_turn_017,how long ago were you diagnosed
320_turn_018,what got you to seek help
320_turn_019,do you still go to therapy now
320_turn_020,why did you stop
320_turn_021,did you think you had a problem before you found out
320_turn_022,what were your symptoms
320_turn_023,whatever comes to your mind
320_turn_024,that sounds really hard
320_turn_025,do you feel like therapy is useful
320_turn_026,what sort of changes have you noticed since you've been going to therapy
320_turn_027,that's good
320_turn_028,how have you been feeling lately
320_turn_029,that's so good to hear
320_turn_030,what's the hardest thing about being a parent
320_turn_031,can you give me an example of that
320_turn_032,awesome
320_turn_033,really
320_turn_034,how hard is that
320_turn_035,that's great
321_turn_000,really
321_turn_001,when'd you move to l_a
321_turn_002,<laughter>
321_turn_003,are you still working in that
321_turn_004,what do you do now
321_turn_005,it can be tough to find a good job these days
321_turn_006,what's your dream job
321_turn_007,that sounds interesting
321_turn_008,that's great
321_turn_009,when was the last time you argued with someone and what was it about
321_turn_010,that sounds really hard
321_turn_011,do you find it easy to be a parent
321_turn_012,how did you feel in that moment
321_turn_013,that sounds like a great situation
321_turn_014,have you ever served in the military
321_turn_015,have you ever been diagnosed with p_t_s_d
321_turn_016,how long ago were you diagnosed
321_turn_017,what got you to seek help
321_turn_018,how have you been feeling lately
321_turn_019,i'm sorry to hear that
321_turn_020,how hard is that
321_turn_021,are they triggered by something
321_turn_022,why did you stop
321_turn_023,i understand
321_turn_024,do you feel like therapy's useful
321_turn_025,is going to a therapist helping you
321_turn_026,that's good
321_turn_027,how would your best friend describe you
321_turn_028,can you tell me about that
321_turn_029,whatever comes to your mind
321_turn_030,that's so good to hear
321_turn_031,how did you decide to do that
321_turn_032,that sounds really hard
321_turn_033,could you have done anything to avoid it
321_turn_034,i'd love to hear all about it
321_turn_035,that's great
321_turn_036,when was the last time that happened
321_turn_037,how do you know them
321_turn_038,how close are you to them
322_turn_000,really
322_turn_001,why'd you move to l_a
322_turn_002,when'd you move to l_a
322_turn_003,that's good
322_turn_004,that's good
322_turn_005,i'd love to hear about one of your trips
322_turn_006,what'd you study at school
322_turn_007,are you still working in that
322_turn_008,how did you decide to do that
322_turn_009,that's great
322_turn_010,uh huh
322_turn_011,that sounds really hard
322_turn_012,what do you think of today's kids
322_turn_013,what do you think of today's kids
322_turn_014,what do you think of today's kids
322_turn_015,let's come back to that later
322_turn_016,have you ever been diagnosed with p_t_s_d
322_turn_017,have you been diagnosed with depression
322_turn_018,how long ago were you diagnosed
322_turn_019,what made you decide to go and see someone
322_turn_020,how have you been feeling lately
322_turn_021,that's good
322_turn_022,why did you stop
322_turn_023,awesome
322_turn_024,i understand
322_turn_025,are they triggered by something
322_turn_026,are they triggered by something
322_turn_027,when was the last time that happened
322_turn_028,can you tell me about that
322_turn_029,what are some things you really like about l_a
322_turn_030,<laughter>
322_turn_031,what are some things that make you really mad
322_turn_032,what would you say are some of your best qualities
322_turn_033,that's great
322_turn_034,goodbye
324_turn_000,i'm great thanks
324_turn_001,really
324_turn_002,can you give me an example of that
324_turn_003,that's good
324_turn_004,when was the last time that happened
324_turn_005,what do you enjoy about traveling
324_turn_006,i see what you mean
324_turn_007,how are you at controlling your temper
324_turn_008,tell me more about that
324_turn_009,when was the last time you argued with someone and what was it about
324_turn_010,what do you do when you're annoyed
324_turn_011,what are some things that make you really mad
324_turn_012,that sucks
324_turn_013,have you ever served in the military
324_turn_014,have you ever been diagnosed with p_t_s_d
324_turn_015,have you been diagnosed with depression
324_turn_016,do you still go to therapy now
324_turn_017,why did you stop
324_turn_018,i'm sorry to hear that
324_turn_019,do you feel like therapy is useful
324_turn_020,is going to a therapist helping you
324_turn_021,tell me more about that
324_turn_022,how have you been feeling lately
324_turn_023,that sounds really hard
324_turn_024,could you have done anything to avoid it
324_turn_025,there are always trade offs in life aren't there
324_turn_026,have you noticed any changes in your behavior or thoughts lately
324_turn_027,are they triggered by something
324_turn_028,when was the last time that happened
324_turn_029,really
324_turn_030,uh huh
324_turn_031,can you give me an example of that
324_turn_032,that's great
324_turn_033,what made you decide to do that
324_turn_034,let's come back to that later
324_turn_035,that's great
324_turn_036,whatever comes to your mind
324_turn_037,okay i think i've asked everything i need to
324_turn_038,goodbye
325_turn_000,<laughter>
325_turn_001,awesome
325_turn_002,i'd love to hear about one of your trips
325_turn_003,<laughter>
325_turn_004,that's good
325_turn_005,i see what you mean
325_turn_006,that's great
325_turn_007,that's so good to hear
325_turn_008,have you ever been diagnosed with p_t_s_d
325_turn_009,have you been diagnosed with depression
325_turn_010,how long ago were you diagnosed
325_turn_011,you were very young weren't you
325_turn_012,do you still go to therapy now
325_turn_013,that sucks
325_turn_014,yeah that sounds really hard
325_turn_015,that's great
325_turn_016,awesome
325_turn_017,<laughter>
325_turn_018,that's great
326_turn_000,how often do you go back to your hometown
326_turn_001,i understand
326_turn_002,uh huh
326_turn_003,what's your dream job
326_turn_004,what'd you study at school
326_turn_005,what do you do to relax
326_turn_006,when was the last time you argued with someone and what was it about
326_turn_007,how close are you to them
326_turn_008,how do you know them
326_turn_009,what do you think of today's kids
326_turn_010,tell me more about that
326_turn_011,what made you decide to do that
326_turn_012,i'd love to hear about one of your trips
326_turn_013,that sounds like a great situation
326_turn_014,what's one of your most memorable experiences
326_turn_015,i see what you mean
326_turn_016,can you tell me about that
326_turn_017,i understand
326_turn_018,can you give me an example of that
326_turn_019,have you been diagnosed with depression
326_turn_020,what would you say are some of your best qualities
326_turn_021,can you give me an example of that
326_turn_022,that sounds interesting
326_turn_023,what are some things that usually put you in a good mood
326_turn_024,when was the last time that happened
326_turn_025,awesome
326_turn_026,<laughter>
326_turn_027,is it uncomfortable for you to talk about this
326_turn_028,thank you
326_turn_029,goodbye
327_turn_000,really
327_turn_001,how easy was it for you to get used to living in l_a
327_turn_002,that's good
327_turn_003,i understand
327_turn_004,i'd love to hear about one of your trips
327_turn_005,awesome
327_turn_006,what do you do now
327_turn_007,what's your dream job
327_turn_008,do you consider yourself an introvert
327_turn_009,that's great
327_turn_010,what do you do when you're annoyed
327_turn_011,that's good
327_turn_012,do you find it easy to be a parent
327_turn_013,what's the best thing about being a parent
327_turn_014,uh huh
327_turn_015,i'm sorry to hear that
327_turn_016,i understand
327_turn_017,what do you think of today's kids
327_turn_018,<laughter>
327_turn_019,that's so good to hear
327_turn_020,have you ever been diagnosed with p_t_s_d
327_turn_021,how long ago were you diagnosed
327_turn_022,what got you to seek help
327_turn_023,can you tell me about that
327_turn_024,that's great
327_turn_025,how have you been feeling lately
327_turn_026,that's good
327_turn_027,how easy is it for you to get a good night's sleep
327_turn_028,that sucks
327_turn_029,how hard is that
327_turn_030,tell me about something you did recently that you really enjoyed
327_turn_031,that makes sense
327_turn_032,who's someone that's been a positive influence in your life
327_turn_033,could you have done anything to avoid it
327_turn_034,that's good
327_turn_035,can you tell me about that
327_turn_036,<laughter>
327_turn_037,that's so good to hear
328_turn_000,i'm great thanks
328_turn_001,really
328_turn_002,i see what you mean
328_turn_003,awesome
328_turn_004,how did you decide to do that
328_turn_005,that's great
328_turn_006,what was it about
328_turn_007,what are some things that make you really mad
328_turn_008,do you find it easy to be a parent
328_turn_009,uh huh
328_turn_010,that's good
328_turn_011,<laughter>
328_turn_012,uh huh
328_turn_013,yeah i see what you mean
328_turn_014,how do you know them
328_turn_015,that sounds like a great situation
328_turn_016,what would you say are some of your best qualities
328_turn_017,that's good
328_turn_018,have you ever been diagnosed with p_t_s_d
328_turn_019,have you been diagnosed with depression
328_turn_020,how easy is it for you to get a good night's sleep
328_turn_021,what are you like when you don't sleep well
328_turn_022,that's so good to hear
328_turn_023,how do you know them
328_turn_024,what's one of your most memorable experiences
328_turn_025,<laughter>
328_turn_026,<laughter>
328_turn_027,can you tell me about that
328_turn_028,i understand
328_turn_029,that's great
328_turn_030,i'm ellie
330_turn_000,how are you at controlling your temper
330_turn_001,what do you do when you're annoyed
330_turn_002,awesome
330_turn_003,are you still working in that
330_turn_004,what do you do now
330_turn_005,that sounds interesting
330_turn_006,really
330_turn_007,i understand
330_turn_008,can you tell me about that
330_turn_009,how do you know them
330_turn_010,have you ever been diagnosed with p_t_s_d
330_turn_011,have you been diagnosed with depression
330_turn_012,how easy is it for you to get a good night's sleep
330_turn_013,what are you like when you don't sleep well
330_turn_014,whatever comes to your mind
330_turn_015,that sounds really hard
330_turn_016,how do you cope with them
330_turn_017,how do you know them
330_turn_018,how close are you to them
330_turn_019,that's good
330_turn_020,when was the last time that happened
330_turn_021,what advice would you give yourself ten or twenty years ago
330_turn_022,let's come back to that later
330_turn_023,i see what you mean
330_turn_024,tell me more about that
330_turn_025,that's great
333_turn_000,<research assistant speaking>
333_turn_001,when'd you move to l_a
333_turn_002,how easy was it for you to get used to living in l_a
333_turn_003,can you tell me about that
333_turn_004,uh huh
333_turn_005,are you still working in that
333_turn_006,what's your dream job
333_turn_007,really
333_turn_008,how hard is that
333_turn_009,awesome
333_turn_010,i'd love to hear about one of your trips
333_turn_011,that's good
333_turn_012,<laughter> okay
333_turn_013,like what
333_turn_014,how did you decide to do that
333_turn_015,let's come back to that later
333_turn_016,have you ever been diagnosed with p_t_s_d
333_turn_017,have you been diagnosed with depression
333_turn_018,how have you been feeling lately
333_turn_019,are they triggered by something
333_turn_020,uh huh
333_turn_021,that's good
333_turn_022,what are you like when you don't sleep well
333_turn_023,i see what you mean
333_turn_024,that's good
333_turn_025,uh huh
333_turn_026,how did you feel in that moment
333_turn_027,i understand
333_turn_028,can you give me an example of that
333_turn_029,that's so good to hear
333_turn_030,that's great
336_turn_000,that's good
336_turn_001,really
336_turn_002,awesome
336_turn_003,yeah i see what you mean
336_turn_004,when'd you move to l_a
336_turn_005,i'd love to hear about one of your trips
336_turn_006,uh huh
336_turn_007,how hard is that
336_turn_008,what was it about
336_turn_009,awesome
336_turn_010,what made you decide to do that
336_turn_011,that sounds like a great situation
336_turn_012,what are some things that make you really mad
336_turn_013,that sucks
336_turn_014,when was the last time you argued with someone and what was it about
336_turn_015,how close are you to them
336_turn_016,what's your dream job
336_turn_017,have you ever been diagnosed with p_t_s_d
336_turn_018,have you been diagnosed with depression
336_turn_019,how easy is it for you to get a good night's sleep
336_turn_020,i'm sorry
336_turn_021,that's good
336_turn_022,uh huh
336_turn_023,do you think that maybe you're being a little hard on yourself
336_turn_024,how hard is that
336_turn_025,how do you cope with them
336_turn_026,that's good
336_turn_027,tell me more about that
336_turn_028,that's good
336_turn_029,uh huh
336_turn_030,i see what you mean
336_turn_031,could you have done anything to avoid it
336_turn_032,has that gotten you in trouble
336_turn_033,what advice would you give yourself ten or twenty years ago
336_turn_034,tell me more about that
336_turn_035,that's so good to hear
336_turn_036,what would you say are some of your best qualities
336_turn_037,uh huh
336_turn_038,that's good
338_turn_000,really
338_turn_001,what are some things you don't really like about l_a
338_turn_002,yeah i see what you mean
338_turn_003,are you still working in that
338_turn_004,what do you do now
338_turn_005,what do you do when you're annoyed
338_turn_006,uh huh
338_turn_007,that's good
338_turn_008,i'm sorry to hear that
338_turn_009,what advice would you give yourself ten or twenty years ago
338_turn_010,have you ever been diagnosed with p_t_s_d
338_turn_011,have you been diagnosed with depression
338_turn_012,how long ago were you diagnosed
338_turn_013,what got you to seek help
338_turn_014,do you still go to therapy now
338_turn_015,why did you stop
338_turn_016,how do you cope with them
338_turn_017,that's great
338_turn_018,that's great
338_turn_019,uh huh
338_turn_020,can you tell me about that
338_turn_021,that's so good to hear
338_turn_022,how did you feel in that moment
338_turn_023,that's good
338_turn_024,when was the last time that happened
338_turn_025,that's good
339_turn_000,really
339_turn_001,what's it like for you living with them
339_turn_002,are you still working in that
339_turn_003,what's your dream job
339_turn_004,really
339_turn_005,how are you at controlling your temper
339_turn_006,that's good
339_turn_007,have you ever been diagnosed with p_t_s_d
339_turn_008,how long ago were you diagnosed
339_turn_009,did you think you had a problem before you found out
339_turn_010,are they triggered by something
339_turn_011,can you tell me about that
339_turn_012,that's good
339_turn_013,is going to a therapist helping you
339_turn_014,what sort of changes have you noticed since you've been going to therapy
339_turn_015,how has seeing a therapist affected you
339_turn_016,yeah how hard is that
339_turn_017,that's good
339_turn_018,are you happy you did that
339_turn_019,uh huh
339_turn_020,do you feel down
339_turn_021,yeah i'm sorry to hear that
339_turn_022,can you tell me about that
339_turn_023,that's great
339_turn_024,uh huh
339_turn_025,what's one of your most memorable experiences
339_turn_026,how did you feel in that moment
339_turn_027,that's so good to hear
340_turn_000,really
340_turn_001,mhm that's a long time
340_turn_002,mhm what are some things you don't really like about l_a
340_turn_003,when was the last time that happened
340_turn_004,that's so good to hear
340_turn_005,really
340_turn_006,that's great
340_turn_007,who's someone that's been a positive influence in your life
340_turn_008,okay okay
340_turn_009,have you ever been diagnosed with p_t_s_d
340_turn_010,have you been diagnosed with depression
340_turn_011,how easy is it for you to get a good night's sleep
340_turn_012,what are you like when you don't sleep well
340_turn_013,have you noticed any changes in your behavior or thoughts lately
340_turn_014,tell me more about that
340_turn_015,mhm how did you decide to do that
340_turn_016,i see what you mean
340_turn_017,that's good
340_turn_018,uh huh
340_turn_019,what's the hardest thing about being a parent
340_turn_020,that's good what do you think of today's kids
340_turn_021,tell me more about that
340_turn_022,how did you feel in that moment
340_turn_023,i'd love to hear about one of your trips
340_turn_024,awesome how did you decide to do that
340_turn_025,are you happy you did that
340_turn_026,that's so good to hear
340_turn_027,uh huh uh huh uh huh is there anything you regret is there anything you regret
340_turn_028,what advice would you give yourself ten or twenty years ago
341_turn_000,that's good
341_turn_001,are you happy you did that
341_turn_002,when was the last time that happened
341_turn_003,awesome
341_turn_004,what do you do to relax
341_turn_005,that's good
341_turn_006,<laughter>
341_turn_007,do you find it easy to be a parent
341_turn_008,what's the best thing about being a parent
341_turn_009,that's so good to hear
341_turn_010,whatever comes to your mind
341_turn_011,how are you at controlling your temper
341_turn_012,uh huh
341_turn_013,that sucks
341_turn_014,i understand
341_turn_015,uh huh
341_turn_016,that's great
341_turn_017,that's good
341_turn_018,have you ever served in the military
341_turn_019,really
341_turn_020,you were very young weren't you
341_turn_021,why'd you decide to enlist in the military
341_turn_022,are you happy you did that
341_turn_023,uh huh
341_turn_024,that's good
341_turn_025,what did you do after the military
341_turn_026,has that gotten you in trouble
341_turn_027,that's good
341_turn_028,how easy is it for you to get a good night's sleep
341_turn_029,uh huh
341_turn_030,how hard is that
341_turn_031,uh huh
341_turn_032,do you feel down
341_turn_033,that's great
343_turn_000,really
343_turn_001,what are some things that make you really mad
343_turn_002,uh huh
343_turn_003,can you give me an example of that
343_turn_004,has that gotten you in trouble
343_turn_005,uh huh
343_turn_006,let's come back to that later
343_turn_007,let's come back to that later
343_turn_008,what'd you study at school
343_turn_009,why don't we talk about that later
343_turn_010,it can be tough to find a good job these days
343_turn_011,how close are you to them
343_turn_012,whatever comes to your mind
343_turn_013,have you ever been diagnosed with p_t_s_d
343_turn_014,have you been diagnosed with depression
343_turn_015,how long ago were you diagnosed
343_turn_016,what got you to seek help
343_turn_017,tell me more about that
343_turn_018,have you noticed any changes in your behavior or thoughts lately
343_turn_019,how easy is it for you to get a good night's sleep
343_turn_020,why did you stop
343_turn_021,what would you say are some of your best qualities
343_turn_022,tell me more about that
343_turn_023,how did you decide to do that
343_turn_024,tell me about that
343_turn_025,that's so good to hear
343_turn_026,can you tell me about that
343_turn_027,who's someone that's been a positive influence in your life
343_turn_028,uh huh
344_turn_000,really
344_turn_001,what are some things you don't really like about l_a
344_turn_002,what do you enjoy about traveling
344_turn_003,you were very young weren't you
344_turn_004,did you ever see combat
344_turn_005,like what
344_turn_006,that sucks
344_turn_007,what did you do after the military
344_turn_008,what made you decide to do that
344_turn_009,what made you decide to do that
344_turn_010,that's good
344_turn_011,are you still working in that
344_turn_012,i'm sorry to hear that
344_turn_013,that's good
344_turn_014,what's your dream job
344_turn_015,what's your dream job
344_turn_016,can you give me an example of that
344_turn_017,how are you at controlling your temper
344_turn_018,that's good
344_turn_019,that's so good to hear
344_turn_020,that's great
344_turn_021,have you noticed any changes in your behavior or thoughts lately
344_turn_022,like what
344_turn_023,how hard is that
344_turn_024,how hard is that
344_turn_025,are they triggered by something
344_turn_026,what got you to seek help
344_turn_027,is going to a therapist helping you
344_turn_028,i understand
344_turn_029,what sort of changes have you noticed since you've been going to therapy
344_turn_030,that's good
344_turn_031,do you have disturbing thoughts
344_turn_032,do you consider yourself an introvert
344_turn_033,do you consider yourself an introvert
344_turn_034,let's come back to that later
344_turn_035,can you give me an example of that
344_turn_036,what are you most proud of in your life
344_turn_037,okay i think i've asked everything i need to
345_turn_000,that's good
345_turn_001,really
345_turn_002,uh huh
345_turn_003,yeah i see what you mean
345_turn_004,that sounds interesting
345_turn_005,what's your dream job
345_turn_006,let's come back to that later
345_turn_007,has that gotten you in trouble
345_turn_008,that sucks
345_turn_009,who's someone that's been a positive influence in your life
345_turn_010,awesome
345_turn_011,are they triggered by something
345_turn_012,how do you cope with them
345_turn_013,i'm sorry to hear that
345_turn_014,how long ago were you diagnosed
345_turn_015,what got you to seek help
345_turn_016,yeah that sounds really hard
345_turn_017,did you think you had a problem before you found out
345_turn_018,how have you been feeling lately
345_turn_019,that's good
345_turn_020,what sort of changes have you noticed since you've been going to therapy
345_turn_021,that's good
347_turn_000,really
347_turn_001,when'd you move to l_a
347_turn_002,how easy was it for you to get used to living in l_a
347_turn_003,what are some things you really like about l_a
347_turn_004,that's good
347_turn_005,that's great
347_turn_006,that sounds interesting
347_turn_007,are you still working in that
347_turn_008,i see what you mean
347_turn_009,how are you at controlling your temper
347_turn_010,when was the last time that happened
347_turn_011,how close are you to them
347_turn_012,that sucks
347_turn_013,i see what you mean
347_turn_014,what would you say are some of your best qualities
347_turn_015,how did you feel in that moment
347_turn_016,that's good
347_turn_017,how easy is it for you to get a good night's sleep
347_turn_018,what are you like when you don't sleep well
347_turn_019,have you ever been diagnosed with p_t_s_d
347_turn_020,how have you been feeling lately
347_turn_021,it can be tough to find a good job these days
347_turn_022,can you give me an example of that
347_turn_023,that's so good to hear
347_turn_024,i'd love to hear all about it
347_turn_025,that's good
347_turn_026,i see what you mean
348_turn_000,really
348_turn_001,that's great
348_turn_002,i'd love to hear about one of your trips
348_turn_003,uh huh
348_turn_004,when was the last time you argued with someone and what was it about
348_turn_005,that's good
348_turn_006,what's the best thing about being a parent
348_turn_007,what's your dream job
348_turn_008,that's good
348_turn_009,<laughter>
348_turn_010,yeah i see what you mean
348_turn_011,can you tell me about that
348_turn_012,yeah how hard is that
348_turn_013,how do you know them
348_turn_014,let's come back to that later
348_turn_015,have you ever been diagnosed with p_t_s_d
348_turn_016,have you been diagnosed with depression
348_turn_017,how long ago were you diagnosed
348_turn_018,what got you to seek help
348_turn_019,did you think you had a problem before you found out
348_turn_020,do you still go to therapy now
348_turn_021,what sort of changes have you noticed since you've been going to therapy
348_turn_022,how have you been feeling lately
348_turn_023,have you noticed any changes in your behavior or thoughts lately
348_turn_024,how do you cope with them
348_turn_025,that sounds really hard
348_turn_026,i'm sorry
348_turn_027,mhm i see what you mean
348_turn_028,tell me about something you did recently that you really enjoyed
348_turn_029,awesome
348_turn_030,could you have done anything to avoid it
348_turn_031,what's one of your most memorable experiences
348_turn_032,can you tell me about that
348_turn_033,that sounds like a great situation
348_turn_034,tell me more about that
348_turn_035,uh huh
348_turn_036,that's good
348_turn_037,that's great
350_turn_000,that's good
350_turn_001,really
350_turn_002,you were very young weren't you
350_turn_003,do you travel a lot
350_turn_004,what do you enjoy about traveling
350_turn_005,uh huh
350_turn_006,that's so good to hear
350_turn_007,are you still working in that
350_turn_008,what do you do now
350_turn_009,i see what you mean
350_turn_010,that's good
350_turn_011,that sucks
350_turn_012,how close are you to your family
350_turn_013,that's great
350_turn_014,tell me more about that
350_turn_015,have you ever been diagnosed with p_t_s_d
350_turn_016,have you been diagnosed with depression
350_turn_017,how long ago were you diagnosed
350_turn_018,what got you to seek help
350_turn_019,i'm sorry
350_turn_020,do you still go to therapy now
350_turn_021,why did you stop
350_turn_022,that sounds really hard
350_turn_023,how easy is it for you to get a good night's sleep
350_turn_024,are they triggered by something
350_turn_025,i'd love to hear all about it
350_turn_026,what advice would you give yourself ten or twenty years ago
350_turn_027,awesome
350_turn_028,that sounds like a great situation
351_turn_000,that's good where are you from originally
351_turn_001,what's your dream job
351_turn_002,awesome
351_turn_003,when'd you move to l_a
351_turn_004,how easy was it for you to get used to living in l_a
351_turn_005,that's good
351_turn_006,when was the last time you argued with someone and what was it about
351_turn_007,that sucks
351_turn_008,how close are you to them
351_turn_009,how hard is that
351_turn_010,yeah i understand
351_turn_011,how close are you to your family
351_turn_012,tell me more about that
351_turn_013,that's good
351_turn_014,have you ever been diagnosed with p_t_s_d
351_turn_015,have you been diagnosed with depression
351_turn_016,how long ago were you diagnosed
351_turn_017,what got you to seek help
351_turn_018,do you still go to therapy now
351_turn_019,why did you stop
351_turn_020,yeah i'm sorry to hear that
351_turn_021,do you feel like therapy is useful
351_turn_022,what sort of changes have you noticed since you've been going to therapy
351_turn_023,that's good
351_turn_024,are they triggered by something
351_turn_025,how do you cope with them
351_turn_026,how have you been feeling lately
351_turn_027,have you noticed any changes in your behavior or thoughts lately
351_turn_028,what are you like when you don't sleep well
351_turn_029,how did you feel in that moment
351_turn_030,uh huh
351_turn_031,what advice would you give yourself ten or twenty years ago
351_turn_032,how did you decide to do that
351_turn_033,that's great
351_turn_034,thanks for sharing your thoughts with me
351_turn_035,goodbye
352_turn_000,that's good
352_turn_001,really
352_turn_002,what are some things you really like about l_a
352_turn_003,how easy was it for you to get used to living in l_a
352_turn_004,why'd you move to l_a
352_turn_005,what'd you study at school
352_turn_006,are you still working in that
352_turn_007,what do you do now
352_turn_008,what's your dream job
352_turn_009,what do you do to relax
352_turn_010,what are some things that make you really mad
352_turn_011,what do you do when you're annoyed
352_turn_012,how are you at controlling your temper
352_turn_013,when was the last time you argued with someone and what was it about
352_turn_014,how close are you to your family
352_turn_015,who's someone that's been a positive influence in your life
352_turn_016,what's one of your most memorable experiences
352_turn_017,do you travel a lot
352_turn_018,what do you enjoy about traveling
352_turn_019,have you ever served in the military
352_turn_020,have you ever been diagnosed with p_t_s_d
352_turn_021,have you been diagnosed with depression
352_turn_022,how easy is it for you to get a good night's sleep
352_turn_023,what are you like when you don't sleep well
352_turn_024,how have you been feeling lately
352_turn_025,have you noticed any changes in your behavior or thoughts lately
352_turn_026,when was the last time you felt really happy
352_turn_027,how would your best friend describe you
352_turn_028,what are you most proud of in your life
352_turn_029,is there anything you regret
352_turn_030,what advice would you give yourself ten or twenty years ago
352_turn_031,tell me about something you did recently that you really enjoyed
352_turn_032,okay i think i've asked everything i need to
353_turn_000,really
353_turn_001,uh huh
353_turn_002,how does it compare to l_a
353_turn_003,that sounds interesting
353_turn_004,what's your dream job
353_turn_005,tell me more about that
353_turn_006,uh huh
353_turn_007,what do you do when you're annoyed
353_turn_008,how are you at controlling your temper
353_turn_009,that's good
353_turn_010,what would you say are some of your best qualities
353_turn_011,uh huh
353_turn_012,have you ever been diagnosed with p_t_s_d
353_turn_013,how long ago were you diagnosed
353_turn_014,what got you to seek help
353_turn_015,are they triggered by something
353_turn_016,i see what you mean
353_turn_017,do you still go to therapy now
353_turn_018,that's good
353_turn_019,i'm sorry
353_turn_020,tell me more about that
353_turn_021,is there anything you regret
353_turn_022,what advice would you give yourself ten or twenty years ago
353_turn_023,what advice would you give yourself ten or twenty years ago
353_turn_024,awesome
355_turn_000,really
355_turn_001,uh huh
355_turn_002,that sounds interesting
355_turn_003,i see what you mean
355_turn_004,how are you at controlling your temper
355_turn_005,that's good
355_turn_006,how close are you to your family
355_turn_007,i understand
355_turn_008,uh huh
355_turn_009,how did you feel in that moment
355_turn_010,that sounds like a great situation
355_turn_011,have you ever served in the military
355_turn_012,have you ever been diagnosed with p_t_s_d
355_turn_013,have you been diagnosed with depression
355_turn_014,do you still go to therapy now
355_turn_015,why did you stop
355_turn_016,that sucks
355_turn_017,i'm sorry to hear that
355_turn_018,how do you cope with them
355_turn_019,that's good
355_turn_020,how easy is it for you to get a good night's sleep
355_turn_021,are they triggered by something
355_turn_022,that's good
355_turn_023,tell me about something you did recently that you really enjoyed
355_turn_024,how hard is that
355_turn_025,what would you say are some of your best qualities
355_turn_026,what are you most proud of in your life
355_turn_027,what advice would you give yourself ten or twenty years ago
356_turn_000,really
356_turn_001,that sounds interesting
356_turn_002,what's one of your most memorable experiences
356_turn_003,whatever comes to your mind
356_turn_004,how close are you to your family
356_turn_005,what are some things that make you really mad
356_turn_006,can you give me an example of that
356_turn_007,how do you cope with them
356_turn_008,that's good
356_turn_009,that's good
356_turn_010,have you ever been diagnosed with p_t_s_d
356_turn_011,have you been diagnosed with depression
356_turn_012,how long ago were you diagnosed
356_turn_013,that's a long time
356_turn_014,what were your symptoms
356_turn_015,do you still go to therapy now
356_turn_016,why did you stop
356_turn_017,what sort of changes have you noticed since you've been going to therapy
356_turn_018,that makes sense
356_turn_019,uh huh
356_turn_020,uh huh
356_turn_021,i love listening to people talk
356_turn_022,goodbye
357_turn_000,where are you from originally
357_turn_001,what are some things you don't really like about l_a
357_turn_002,are you still working in that
357_turn_003,what's your dream job
357_turn_004,do you consider yourself an introvert
357_turn_005,let's come back to that later
357_turn_006,what do you do to relax
357_turn_007,what are some things that make you really mad
357_turn_008,what do you do when you're annoyed
357_turn_009,how are you at controlling your temper
357_turn_010,when was the last time you argued with someone and what was it about
357_turn_011,what are some things you like to do for fun
357_turn_012,how close are you to your family
357_turn_013,who's someone that's been a positive influence in your life
357_turn_014,have you ever served in the military
357_turn_015,have you ever been diagnosed with p_t_s_d
357_turn_016,have you been diagnosed with depression
357_turn_017,how easy is it for you to get a good night's sleep
357_turn_018,what are you like when you don't sleep well
357_turn_019,how have you been feeling lately
357_turn_020,when was the last time you felt really happy
357_turn_021,how would your best friend describe you
357_turn_022,what are you most proud of in your life
357_turn_023,is there anything you regret
357_turn_024,what advice would you give yourself ten or twenty years ago
357_turn_025,what's one of your most memorable experiences
357_turn_026,tell me about something you did recently that you really enjoyed
357_turn_027,okay i think i've asked everything i need to
358_turn_000,when'd you move to l_a
358_turn_001,how easy was it for you to get used to living in l_a
358_turn_002,what are some things you really like about l_a
358_turn_003,what are some things you don't really like about l_a
358_turn_004,how often do you go back to your home town
358_turn_005,how does it compare to l_a
358_turn_006,do you travel a lot
358_turn_007,what do you do now
358_turn_008,do you consider yourself an introvert
358_turn_009,what do you do when you're annoyed
358_turn_010,how are you at controlling your temper
358_turn_011,when was the last time you argued with someone and what was it about
358_turn_012,who's someone that's been a positive influence in your life
358_turn_013,what are some things you like to do for fun
358_turn_014,how close are you to your family
358_turn_015,have you ever served in the military
358_turn_016,have you ever been diagnosed with p_t_s_d
358_turn_017,have you been diagnosed with depression
358_turn_018,how long ago were you diagnosed
358_turn_019,what got you to seek help
358_turn_020,do you still go to therapy now
358_turn_021,why did you stop
358_turn_022,do you feel like therapy's useful
358_turn_023,how have you been feeling lately
358_turn_024,have you noticed any changes in your behavior or thoughts lately
358_turn_025,how do you cope with them
358_turn_026,how do you cope with them
358_turn_027,let's come back to that later
358_turn_028,tell me about something you did recently that you really enjoyed
358_turn_029,is there anything you regret
358_turn_030,what are you most proud of in your life
358_turn_031,how would your best friend describe you
358_turn_032,what would you say are some of your best qualities
358_turn_033,okay i think i've asked everything i need to
360_turn_000,where are you from originally
360_turn_001,what are some things you don't really like about l_a
360_turn_002,do you travel a lot
360_turn_003,what'd you study at school
360_turn_004,how did you decide to do that
360_turn_005,are you still working in that
360_turn_006,what do you do now
360_turn_007,what's your dream job
360_turn_008,do you consider yourself an introvert
360_turn_009,what do you do when you're annoyed
360_turn_010,what are some things that make you really mad
360_turn_011,how are you at controlling your temper
360_turn_012,when was the last time you argued with someone and what was it about
360_turn_013,have you ever served in the military
360_turn_014,have you ever been diagnosed with p_t_s_d
360_turn_015,have you been diagnosed with depression
360_turn_016,how easy is it for you to get a good night's sleep
360_turn_017,what are you like when you don't sleep well
360_turn_018,how have you been feeling lately
360_turn_019,have you noticed any changes in your behavior or thoughts lately
360_turn_020,is there anything you regret
360_turn_021,what advice would you give yourself ten or twenty years ago
360_turn_022,when was the last time you felt really happy
360_turn_023,tell me about something you did recently that you really enjoyed
360_turn_024,how close are you to your family
360_turn_025,who's someone that's been a positive influence in your life
360_turn_026,what are you most proud of in your life
360_turn_027,what would you say are some of your best qualities
360_turn_028,okay i think i've asked everything i need to
362_turn_000,what are some things you really like about l_a
362_turn_001,what are some things you don't really like about l_a
362_turn_002,do you travel a lot
362_turn_003,are you still working in that
362_turn_004,what's your dream job
362_turn_005,do you consider yourself an introvert
362_turn_006,what are some things that make you really mad
362_turn_007,what do you do when you're annoyed
362_turn_008,how are you at controlling your temper
362_turn_009,when was the last time you argued with someone and what was it about
362_turn_010,how close are you to your family
362_turn_011,tell me about your kids
362_turn_012,what's the hardest thing about being a parent
362_turn_013,what's the best thing about being a parent
362_turn_014,what's one of your most memorable experiences
362_turn_015,how would your best friend describe you
362_turn_016,have you ever served in the military
362_turn_017,have you ever been diagnosed with p_t_s_d
362_turn_018,how long ago were you diagnosed
362_turn_019,what got you to seek help
362_turn_020,do you still go to therapy now
362_turn_021,do you feel like therapy's useful
362_turn_022,what sort of changes have you noticed since you've been going to therapy
362_turn_023,how have you been feeling lately
362_turn_024,have you noticed any changes in your behavior or thoughts lately
362_turn_025,how do you cope with them
362_turn_026,how easy is it for you to get a good night's sleep
362_turn_027,what are you like when you don't sleep well
362_turn_028,are they triggered by something
362_turn_029,tell me about something you did recently that you really enjoyed
362_turn_030,what are you most proud of in your life
362_turn_031,is there anything you regret
362_turn_032,what advice would you give yourself ten or twenty years ago
362_turn_033,who's someone that's been a positive influence in your life
362_turn_034,what are some things that usually put you in a good mood
362_turn_035,okay i think i've asked everything i need to
363_turn_000,great_thanks (i'm great thanks)
363_turn_001,really (really)
363_turn_002,mhm (mhm)
363_turn_003,yeah2 (yeah)
363_turn_004,see_mean (i see what you mean)
363_turn_005,still_doing_X (are you still doing that)
363_turn_006,change_directions (what made you decide to do that)
363_turn_007,happy_didthat (are you happy you did that)
363_turn_008,thats_great (that's great)
363_turn_009,great_situation (that sounds like a great situation)
363_turn_010,tell_about_that (can you tell me about that)
363_turn_011,Ellie17Dec2012_06 (wow)
363_turn_012,okay_confirm (okay)
363_turn_013,aw (aw)
363_turn_014,last_argument (when was the last time you argued with someone and what was it about)
363_turn_015,yeah2 (yeah)
363_turn_016,hard_decisionB (tell me about the hardest decision you've ever had to make)
363_turn_017,yeah_downer (yeah)
363_turn_018,wow (wow)
363_turn_019,yeah_downer (yeah)
363_turn_020,give_example (can you give me an example of that)
363_turn_021,yeah_downer (yeah)
363_turn_022,im_sorry (i'm sorry)
363_turn_023,depression_diagnosed (have you been diagnosed with depression)
363_turn_024,easy_sleep (how easy is it for you to get a good night's sleep)
363_turn_025,thats_good (that's good)
363_turn_026,thats_great (that's great)
363_turn_027,good_hear (that's so good to hear)
363_turn_028,symptoms_cope (how do you cope with them)
363_turn_029,mm (mm)
363_turn_030,yeah_downer (yeah)
363_turn_031,uh_huh (uh huh)
363_turn_032,yeah3 (yeah)
363_turn_033,mhm (mhm)
363_turn_034,uh_huh (uh huh)
363_turn_035,nice (nice)
364_turn_000,thats_good (that's good)
364_turn_001,really (really)
364_turn_002,yeah2 (yeah)
364_turn_003,that_sucks (that sucks)
364_turn_004,mm (mm)
364_turn_005,mhm (mhm)
364_turn_006,like_what (like what)
364_turn_007,travel_trips (i'd love to hear about one of your trips)
364_turn_008,nice (nice)
364_turn_009,wild_laughter3 ((laughter))
364_turn_010,study (what did you study at school)
364_turn_011,change_directions (what made you decide to do that)
364_turn_012,mhm (mhm)
364_turn_013,dream_job (what's your dream job)
364_turn_014,aw (aw)
364_turn_015,yeah3 (yeah)
364_turn_016,shyoutgoing (do you consider yourself more shy or outgoing)
364_turn_017,okay_confirm (okay)
364_turn_018,thats_great (that's great)
364_turn_019,yeah2 (yeah)
364_turn_020,control_temper (how are you at controlling your temper)
364_turn_021,uh_huh (uh huh)
364_turn_022,last_argument (when was the last time you argued with someone and what was it about)
364_turn_023,describe_felt (how did you feel in that moment)
364_turn_024,yeah_downer (yeah)
364_turn_025,mhm (mhm)
364_turn_026,im_sorry (i'm sorry)
364_turn_027,isee_downer (i see)
364_turn_028,Ellie17Dec2012_02 (uh huh)
364_turn_029,yeah2 (yeah)
364_turn_030,ptsd_diagnosed (have you ever been diagnosed with p_t_s_d)
364_turn_031,why_enlist (why'd you decide to enlist in the military)
364_turn_032,old (how old were you when you joined the military)
364_turn_033,very_young (you were very young weren't you)
364_turn_034,combat (did you ever see combat)
364_turn_035,tell_about_that (can you tell me about that)
364_turn_036,Ellie17Dec2012_06 (wow)
364_turn_037,why2 (why)
364_turn_038,mhm (mhm)
364_turn_039,right2 (right)
364_turn_040,after (what did you do after the military)
364_turn_041,civilian_life (how easy was it for you to go back to civilian life)
364_turn_042,mm (mm)
364_turn_043,thats_good (that's good)
364_turn_044,feel_lately (how have you been feeling lately)
364_turn_045,behavior_changes (have you noticed any changes in your behavior or thoughts lately)
364_turn_046,okay_confirm (okay)
364_turn_047,therapy_useful (do you feel like therapy is useful)
364_turn_048,why_seek_help (what got you to seek help)
364_turn_049,understand (i understand)
364_turn_050,therapy_going (do you still go to therapy now)
364_turn_051,okay_confirm (okay)
364_turn_052,yeah2 (yeah)
364_turn_053,uh_huh (uh huh)
364_turn_054,uh_huh (uh huh)
364_turn_055,thats_great (that's great)
364_turn_056,BF_describe (how would your best friend describe you)
364_turn_057,mhm (mhm)
364_turn_058,yeah3 (yeah)
364_turn_059,landed_trouble (has that gotten you in trouble)
364_turn_060,okay_confirm (okay)
364_turn_061,regret (is there anything you regret)
364_turn_062,advice_back (what advice would you give to yourself ten or twenty years ago)
364_turn_063,Ellie17Dec2012_08 (what are you most proud of in your life)
364_turn_064,mhm (mhm)
364_turn_065,asked_everything (okay i think i have asked everything i need to)
364_turn_066,bye (goodbye)
366_turn_000,really (really)
366_turn_001,see_mean (i see what you mean)
366_turn_002,yeah3 (yeah)
366_turn_003,like_what (like what)
366_turn_004,awesome (awesome)
366_turn_005,mhm (mhm)
366_turn_006,yeah3 (yeah)
366_turn_007,wild_laughter3 ((laughter))
366_turn_008,wow (wow)
366_turn_009,wild_laughter3 ((laughter))
366_turn_010,hard_decision (how did you decide to do that)
366_turn_011,cool3 (cool)
366_turn_012,okay_confirm (okay)
366_turn_013,really (really)
366_turn_014,aw (aw)
366_turn_015,okay_confirm (okay)
366_turn_016,control_temper (how are you at controlling your temper)
366_turn_017,landed_trouble (has that gotten you in trouble)
366_turn_018,describe_felt (how did you feel in that moment)
366_turn_019,uh_huh (uh huh)
366_turn_020,okay_confirm (okay)
366_turn_021,okay_confirm (okay)
366_turn_022,feel_lately (how have you been feeling lately)
366_turn_023,depression_diagnosed (have you been diagnosed with depression)
366_turn_024,behavior_changes (have you noticed any changes in your behavior or thoughts lately)
366_turn_025,yeah_downer (yeah)
366_turn_026,advice_back (what advice would you give to yourself ten or twenty years ago)
366_turn_027,memory_erase (tell me about an event or something that you wish you could erase from your memory)
366_turn_028,tell_about_that (can you tell me about that)
366_turn_029,Ellie17Dec2012_06 (wow)
366_turn_030,wow (wow)
366_turn_031,uh_huh (uh huh)
366_turn_032,cool3 (cool)
366_turn_033,mhm (mhm)
366_turn_034,mm (mm)
366_turn_035,yeah3 (yeah)
366_turn_036,why2 (why)
366_turn_037,yeah2 (yeah)
366_turn_038,wild_laughter3 ((laughter))
366_turn_039,thats_good (that's good)
366_turn_040,asked_everything (okay i think i have asked everything i need to)
366_turn_041,bye (goodbye)
368_turn_000,okay_confirm (okay)
368_turn_001,thats_good (that's good)
368_turn_002,cool3 (cool)
368_turn_003,uh_huh (uh huh)
368_turn_004,yeah3 (yeah)
368_turn_005,mhm (mhm)
368_turn_006,travel_changed (what do you enjoy about traveling)
368_turn_007,yeah3 (yeah)
368_turn_008,still_working_on_X (are you still working in that)
368_turn_009,yeah_downer (yeah)
368_turn_010,that_sucks (that sucks)
368_turn_011,shyoutgoing (do you consider yourself more shy or outgoing)
368_turn_012,yeah3 (yeah)
368_turn_013,nice (nice)
368_turn_014,okay_confirm (okay)
368_turn_015,mhm (mhm)
368_turn_016,feelguilty (what's something you feel guilty about)
368_turn_017,give_example (can you give me an example of that)
368_turn_018,mhm (mhm)
368_turn_019,uh_huh (uh huh)
368_turn_020,aw (aw)
368_turn_021,good_hear (that's so good to hear)
368_turn_022,thats_good (that's good)
368_turn_023,yeah_downer (yeah)
368_turn_024,right2 (right)
368_turn_025,mhm (mhm)
368_turn_026,yeah_downer (yeah)
368_turn_027,depression_diagnosed (have you been diagnosed with depression)
368_turn_028,happy_lasttime (tell me about the last time you felt really happy)
368_turn_029,uh_huh (uh huh)
368_turn_030,yeah_downer (yeah)
368_turn_031,right2 (right)
368_turn_032,yeah3 (yeah)
368_turn_033,yeah2 (yeah)
368_turn_034,okay_confirm (okay)
368_turn_035,mm (mm)
368_turn_036,mhm (mhm)
368_turn_037,thank_you (thank you)
368_turn_038,yes (yes)
369_turn_000,IntroV4Confirmation (hi i'm ellie thanks for coming in today i was created to talk to people in a safe and secure environment i'm not a therapist but i'm here to learn about people and would love to learn about you i'll ask a few questions to get us started and please feel free to tell me anything your answers are totally confidential are you ok with this)
369_turn_001,great_thanks (i'm great thanks)
369_turn_002,really (really)
369_turn_003,often_backB (how often do you go back to your hometown)
369_turn_004,why2 (why)
369_turn_005,yeah3 (yeah)
369_turn_006,mhm (mhm)
369_turn_007,yeah2 (yeah)
369_turn_008,wild_laughter3 ((laughter))
369_turn_009,thats_good (that's good)
369_turn_010,dream_job (what's your dream job)
369_turn_011,mhm (mhm)
369_turn_012,shyoutgoing (do you consider yourself more shy or outgoing)
369_turn_013,uh_huh (uh huh)
369_turn_014,thats_great (that's great)
369_turn_015,control_temper (how are you at controlling your temper)
369_turn_016,mhm (mhm)
369_turn_017,yeah3 (yeah)
369_turn_018,okay_confirm (okay)
369_turn_019,feelguilty (what's something you feel guilty about)
369_turn_020,Ellie17Dec2012_03 (that's good)
369_turn_021,okay_confirm (okay)
369_turn_022,yeah3 (yeah)
369_turn_023,nice (nice)
369_turn_024,aw (aw)
369_turn_025,uh_huh (uh huh)
369_turn_026,sleep_affects (what are you like when you don't sleep well)
369_turn_027,uh_huh (uh huh)
369_turn_028,okay_confirm (okay)
369_turn_029,ptsd_diagnosed (have you ever been diagnosed with p_t_s_d)
369_turn_030,feel_lately (how have you been feeling lately)
369_turn_031,thats_great (that's great)
369_turn_032,right2 (right)
369_turn_033,yeah3 (yeah)
369_turn_034,mhm (mhm)
369_turn_035,uh_huh (uh huh)
369_turn_036,advice_back (what advice would you give to yourself ten or twenty years ago)
369_turn_037,yeah3 (yeah)
369_turn_038,difficult (how hard is that)
369_turn_039,mhm (mhm)
369_turn_040,yeah3 (yeah)
369_turn_041,good_hear (that's so good to hear)
369_turn_042,bye (goodbye)
370_turn_000,thats_good (that's good)
370_turn_001,really (really)
370_turn_002,cool3 (cool)
370_turn_003,uh_huh (uh huh)
370_turn_004,travel_changed (what do you enjoy about traveling)
370_turn_005,yeah3 (yeah)
370_turn_006,travel_trips (i'd love to hear about one of your trips)
370_turn_007,yeah2 (yeah)
370_turn_008,awesome (awesome)
370_turn_009,uh_huh (uh huh)
370_turn_010,last_argument (when was the last time you argued with someone and what was it about)
370_turn_011,okay_confirm (okay)
370_turn_012,see_mean (i see what you mean)
370_turn_013,yeah3 (yeah)
370_turn_014,okay_confirm (okay)
370_turn_015,mhm (mhm)
370_turn_016,yeah3 (yeah)
370_turn_017,behavior_changes (have you noticed any changes in your behavior or thoughts lately)
370_turn_018,okay_confirm (okay)
370_turn_019,depression_diagnosed (have you been diagnosed with depression)
370_turn_020,regret (is there anything you regret)
370_turn_021,advice_back (what advice would you give to yourself ten or twenty years ago)
370_turn_022,mm (mm)
370_turn_023,bouts_symptoms (when was the last time that happened)
370_turn_024,yeah_downer (yeah)
370_turn_025,nice (nice)
370_turn_026,aw (aw)
370_turn_027,good_hear (that's so good to hear)
370_turn_028,BF_describe (how would your best friend describe you)
370_turn_029,wild_laughter3 ((laughter))
370_turn_030,mhm (mhm)
370_turn_031,mhm (mhm)
370_turn_032,bye (goodbye)
371_turn_000,thats_good (that's good)
371_turn_001,really (really)
371_turn_002,like_about_LA (what are some things you really like about l_a)
371_turn_003,dont_like_LA (what are some things you don't really like about l_a)
371_turn_004,see_mean (i see what you mean)
371_turn_005,travel_trips (i'd love to hear about one of your trips)
371_turn_006,wild_laughter3 ((laughter))
371_turn_007,cool3 (cool)
371_turn_008,hard_decision (how did you decide to do that)
371_turn_009,still_doing_X (are you still doing that)
371_turn_010,dream_job (what's your dream job)
371_turn_011,okay_confirm (okay)
371_turn_012,why2 (why)
371_turn_013,relax_fishtank (sometimes when i'm feeling tense i turn on the fish tank screensaver hey i know it's not hawaii but it's the best i've got what do you do to relax)
371_turn_014,cool3 (cool)
371_turn_015,last_argument (when was the last time you argued with someone and what was it about)
371_turn_016,tell_about_that (can you tell me about that)
371_turn_017,mhm (mhm)
371_turn_018,okay_confirm (okay)
371_turn_019,uh_huh (uh huh)
371_turn_020,avoid (could you have done anything to avoid it)
371_turn_021,mm (mm)
371_turn_022,more (tell me more about that)
371_turn_023,wow (wow)
371_turn_024,why2 (why)
371_turn_025,like_what (like what)
371_turn_026,uncomfortable_talkV (is it uncomfortable for you to talk about this)
371_turn_027,feel_down (do you feel down)
371_turn_028,im_sorry (i'm sorry)
371_turn_029,ptsd_diagnosed (have you ever been diagnosed with p_t_s_d)
371_turn_030,disturbing_thoughts (do you have disturbing thoughts)
371_turn_031,trigger (are they triggered by something)
371_turn_032,okay_confirm (okay)
371_turn_033,Ellie17Dec2012_10 (tell me about something you did recently that you really enjoyed)
371_turn_034,thats_good (that's good)
371_turn_035,memory_erase (tell me about an event or something that you wish you could erase from your memory)
371_turn_036,give_example (can you give me an example of that)
371_turn_037,difficult (how hard is that)
371_turn_038,tell_about_that (can you tell me about that)
371_turn_039,yeah_downer (yeah)
371_turn_040,landed_trouble (has that gotten you in trouble)
371_turn_041,downer (okay)
371_turn_042,Ellie17Dec2012_08 (what are you most proud of in your life)
371_turn_043,okay_confirm (okay)
371_turn_044,mhm (mhm)
371_turn_045,advice_back (what advice would you give to yourself ten or twenty years ago)
371_turn_046,mm (mm)
371_turn_047,uh_huh (uh huh)
371_turn_048,okay_confirm (okay)
371_turn_049,thats_great (that's great)
371_turn_050,been_hard (that sounds really hard)
371_turn_051,how_close (how close are you to them)
372_turn_000,thats_good (that's good)
372_turn_001,where_originally (where are you from originally)
372_turn_002,really (really)
372_turn_003,dont_like_LA (what are some things you don't really like about l_a)
372_turn_004,tell_about_that (can you tell me about that)
372_turn_005,yeah3 (yeah)
372_turn_006,okay_confirm (okay)
372_turn_007,hard_decision (how did you decide to do that)
372_turn_008,mhm (mhm)
372_turn_009,thats_great (that's great)
372_turn_010,job_virtually (i love my job you could almost say it's virtually made for me what's your dream job)
372_turn_011,nice (nice)
372_turn_012,argument_about (what was it about)
372_turn_013,aw (aw)
372_turn_014,awesome (awesome)
372_turn_015,yeah_downer (yeah)
372_turn_016,yeah3 (yeah)
372_turn_017,mm (mm)
372_turn_018,give_example (can you give me an example of that)
372_turn_019,wild_laughter3 ((laughter))
372_turn_020,okay_confirm (okay)
372_turn_021,been_hard (that sounds really hard)
372_turn_022,parent_differences (what are some ways that you're different as a parent than your parents)
372_turn_023,yeah2 (yeah)
372_turn_024,uh_huh (uh huh)
372_turn_025,yeah3 (yeah)
372_turn_026,okay_confirm (okay)
372_turn_027,uh_huh (uh huh)
372_turn_028,control_temper (how are you at controlling your temper)
372_turn_029,last_argument (when was the last time you argued with someone and what was it about)
372_turn_030,that_sucks (that sucks)
372_turn_031,situation_handled (tell me about a situation that you wish you had handled differently)
372_turn_032,oh_no (oh no)
372_turn_033,right2 (right)
372_turn_034,yeah_downer (yeah)
372_turn_035,hmm_downer (hmm)
372_turn_036,yeah_downer (yeah)
372_turn_037,yeah_downer (yeah)
372_turn_038,why_seek_help (what got you to seek help)
372_turn_039,understand (i understand)
372_turn_040,symptoms_what (what were your symptoms)
372_turn_041,therapy_going (do you still go to therapy now)
372_turn_042,therapy_useful (do you feel like therapy is useful)
372_turn_043,Ellie17Dec2012_03 (that's good)
372_turn_044,mhm (mhm)
372_turn_045,thats_good (that's good)
372_turn_046,happy_lasttime (tell me about the last time you felt really happy)
372_turn_047,ideal_weekendC (tell me how you spend your ideal weekend)
372_turn_048,uh_huh (uh huh)
372_turn_049,Ellie17Dec2012_10 (tell me about something you did recently that you really enjoyed)
372_turn_050,mind (whatever comes to your mind)
372_turn_051,awesome (awesome)
372_turn_052,wow (wow)
372_turn_053,mhm (mhm)
372_turn_054,BF_describe (how would your best friend describe you)
372_turn_055,Ellie17Dec2012_07 (what would you say are some of your best qualities)
372_turn_056,asked_everything (okay i think i have asked everything i need to)
372_turn_057,yes (yes)
374_turn_000,really (really)
374_turn_001,long_time (that's a long time)
374_turn_002,often_backB (how often do you go back to your hometown)
374_turn_003,compares_LA (how does it compare to l_a)
374_turn_004,mhm (mhm)
374_turn_005,cool3 (cool)
374_turn_006,uh_huh (uh huh)
374_turn_007,thats_great (that's great)
374_turn_008,dream_job (what's your dream job)
374_turn_009,understand (i understand)
374_turn_010,travel_changed (what do you enjoy about traveling)
374_turn_011,travel_trips (i'd love to hear about one of your trips)
374_turn_012,awesome (awesome)
374_turn_013,okay_confirm (okay)
374_turn_014,last_argument (when was the last time you argued with someone and what was it about)
374_turn_015,describe_felt (how did you feel in that moment)
374_turn_016,that_sucks (that sucks)
374_turn_017,family_relationship (tell me about your relationship with your family)
374_turn_018,thats_good (that's good)
374_turn_019,isee_downer (i see)
374_turn_020,why2 (why)
374_turn_021,trigger (are they triggered by something)
374_turn_022,sleep_affects (what are you like when you don't sleep well)
374_turn_023,understand (i understand)
374_turn_024,depression_diagnosed (have you been diagnosed with depression)
374_turn_025,when_diagnosed (how long ago were you diagnosed)
374_turn_026,why_seek_help (what got you to seek help)
374_turn_027,symptoms_what (what were your symptoms)
374_turn_028,been_hard (that sounds really hard)
374_turn_029,therapy_useful (do you feel like therapy is useful)
374_turn_030,therapy_changes (what sort of changes have you noticed since you've been going to therapy)
374_turn_031,okay_confirm (okay)
374_turn_032,tell_about_that (can you tell me about that)
374_turn_033,aw (aw)
374_turn_034,okay_confirm (okay)
374_turn_035,oh_no (oh no)
374_turn_036,yeah_downer (yeah)
374_turn_037,thats_great (that's great)
374_turn_038,mm (mm)
374_turn_039,asked_everything (okay i think i have asked everything i need to)
375_turn_000,thats_good (that's good)
375_turn_001,from_LA2 (i am from l_a)
375_turn_002,cool3 (cool)
375_turn_003,why2 (why)
375_turn_004,see_mean (i see what you mean)
375_turn_005,travel_shoes (i'm sure you can tell by my shoes i'm not much of a world explorer do you travel a lot)
375_turn_006,travel_changed (what do you enjoy about traveling)
375_turn_007,travel_trips (i'd love to hear about one of your trips)
375_turn_008,nice (nice)
375_turn_009,study (what did you study at school)
375_turn_010,dream_job (what's your dream job)
375_turn_011,why2 (why)
375_turn_012,shyoutgoing (do you consider yourself more shy or outgoing)
375_turn_013,control_temper (how are you at controlling your temper)
375_turn_014,describe_felt (how did you feel in that moment)
375_turn_015,family_relationship (tell me about your relationship with your family)
375_turn_016,give_example (can you give me an example of that)
375_turn_017,that_sucks (that sucks)
375_turn_018,avoid (could you have done anything to avoid it)
375_turn_019,memory_erase (tell me about an event or something that you wish you could erase from your memory)
375_turn_020,tell_about_that (can you tell me about that)
375_turn_021,landed_trouble (has that gotten you in trouble)
375_turn_022,influence_positive (who's someone that's been a positive influence in your life)
375_turn_023,mind (whatever comes to your mind)
375_turn_024,thats_great (that's great)
375_turn_025,awesome (awesome)
375_turn_026,sleep_affects (what are you like when you don't sleep well)
375_turn_027,feel_lately (how have you been feeling lately)
375_turn_028,behavior_changes (have you noticed any changes in your behavior or thoughts lately)
375_turn_029,difficult (how hard is that)
375_turn_030,okay_confirm (okay)
375_turn_031,depression_diagnosed (have you been diagnosed with depression)
375_turn_032,feel_down (do you feel down)
375_turn_033,happy_lasttime (tell me about the last time you felt really happy)
375_turn_034,like_what (like what)
375_turn_035,okay_confirm (okay)
375_turn_036,mhm (mhm)
375_turn_037,feelbadly (tell me about a time when someone made you feel really badly about yourself)
375_turn_038,Ellie17Dec2012_09 (what are some things that usually put you in a good mood)
375_turn_039,thats_good (that's good)
375_turn_040,regret (is there anything you regret)
375_turn_041,hard_decisionB (tell me about the hardest decision you've ever had to make)
375_turn_042,asked_everything (okay i think i have asked everything i need to)
376_turn_000,where_originally (where are you from originally)
376_turn_001,really (really)
376_turn_002,often_backB (how often do you go back to your hometown)
376_turn_003,compares_LA (how does it compare to l_a)
376_turn_004,uh_huh (uh huh)
376_turn_005,thats_good (that's good)
376_turn_006,nice (nice)
376_turn_007,okay_confirm (okay)
376_turn_008,sorry_hear (i'm sorry to hear that)
376_turn_009,job_virtually (i love my job you could almost say it's virtually made for me what's your dream job)
376_turn_010,mhm (mhm)
376_turn_011,relax_fishtank (sometimes when i'm feeling tense i turn on the fish tank screensaver hey i know it's not hawaii but it's the best i've got what do you do to relax)
376_turn_012,control_temper (how are you at controlling your temper)
376_turn_013,last_argument (when was the last time you argued with someone and what was it about)
376_turn_014,yeah_downer (yeah)
376_turn_015,okay_confirm (okay)
376_turn_016,uncomfortable_talkV (is it uncomfortable for you to talk about this)
376_turn_017,im_sorry (i'm sorry)
376_turn_018,okay_confirm (okay)
376_turn_019,yeah2 (yeah)
376_turn_020,trigger (are they triggered by something)
376_turn_021,been_hard (that sounds really hard)
376_turn_022,uh_huh (uh huh)
376_turn_023,wild_laughter3 ((laughter))
376_turn_024,feel_lately (how have you been feeling lately)
376_turn_025,Ellie17Dec2012_03 (that's good)
376_turn_026,isee_downer (i see)
376_turn_027,when_diagnosed (how long ago were you diagnosed)
376_turn_028,why_seek_help (what got you to seek help)
376_turn_029,therapist_useful (is going to a therapist helping you)
376_turn_030,yeah3 (yeah)
376_turn_031,okay_confirm (okay)
376_turn_032,easy_parent (do you find it easy to be a parent)
376_turn_033,sorry_hear (i'm sorry to hear that)
376_turn_034,thats_great (that's great)
376_turn_035,right2 (right)
376_turn_036,self_change (what are some things you wish you could change about yourself)
376_turn_037,uh_huh (uh huh)
376_turn_038,ideal_weekendC (tell me how you spend your ideal weekend)
376_turn_039,wild_laughter3 ((laughter))
376_turn_040,Ellie17Dec2012_09 (what are some things that usually put you in a good mood)
376_turn_041,asked_everything (okay i think i have asked everything i need to)
376_turn_042,bye (goodbye)
379_turn_000,okay_confirm (okay)
379_turn_001,thats_good (that's good)
379_turn_002,cool3 (cool)
379_turn_003,like_about_LA (what are some things you really like about l_a)
379_turn_004,yeah3 (yeah)
379_turn_005,mhm (mhm)
379_turn_006,travel_changed (what do you enjoy about traveling)
379_turn_007,yeah3 (yeah)
379_turn_008,travel_trips (i'd love to hear about one of your trips)
379_turn_009,nice (nice)
379_turn_010,mhm (mhm)
379_turn_011,thats_great (that's great)
379_turn_012,yeah2 (yeah)
379_turn_013,uh_huh (uh huh)
379_turn_014,okay_confirm (okay)
379_turn_015,thats_good (that's good)
379_turn_016,mhm (mhm)
379_turn_017,relax_fishtank (sometimes when i'm feeling tense i turn on the fish tank screensaver hey i know it's not hawaii but it's the best i've got what do you do to relax)
379_turn_018,mm (mm)
379_turn_019,control_temper (how are you at controlling your temper)
379_turn_020,last_argument (when was the last time you argued with someone and what was it about)
379_turn_021,uh_huh (uh huh)
379_turn_022,feelguilty (what's something you feel guilty about)
379_turn_023,hard_decisionB (tell me about the hardest decision you've ever had to make)
379_turn_024,yeah_downer (yeah)
379_turn_025,aw (aw)
379_turn_026,downer (okay)
379_turn_027,mhm (mhm)
379_turn_028,okay_confirm (okay)
379_turn_029,great_situation (that sounds like a great situation)
379_turn_030,right2 (right)
379_turn_031,ptsd_diagnosed (have you ever been diagnosed with p_t_s_d)
379_turn_032,depression_diagnosed (have you been diagnosed with depression)
379_turn_033,feel_down (do you feel down)
379_turn_034,describe_felt (how did you feel in that moment)
379_turn_035,yeah3 (yeah)
379_turn_036,regret (is there anything you regret)
379_turn_037,yeah3 (yeah)
379_turn_038,memory_erase (tell me about an event or something that you wish you could erase from your memory)
379_turn_039,downer (okay)
379_turn_040,self_change (what are some things you wish you could change about yourself)
379_turn_041,mhm (mhm)
379_turn_042,feelbadly (tell me about a time when someone made you feel really badly about yourself)
379_turn_043,okay_confirm (okay)
379_turn_044,thats_good (that's good)
379_turn_045,awesome (awesome)
379_turn_046,argument_about (what was it about)
379_turn_047,Ellie17Dec2012_08 (what are you most proud of in your life)
379_turn_048,asked_everything (okay i think i have asked everything i need to)
380_turn_000,thats_good (that's good)
380_turn_001,really (really)
380_turn_002,when_LA (when did you move to l_a)
380_turn_003,wow (wow)
380_turn_004,adapted_LA (how easy was it for you to get used to living in l_a)
380_turn_005,okay_confirm (okay)
380_turn_006,roommates (do you have roommates)
380_turn_007,living_situation (how do you like your living situation)
380_turn_008,oh_no (oh no)
380_turn_009,travel_changed (what do you enjoy about traveling)
380_turn_010,Ellie17Dec2012_02 (uh huh)
380_turn_011,wild_laughter3 ((laughter))
380_turn_012,yeah2 (yeah)
380_turn_013,yes (yes)
380_turn_014,back_later (let's come back to that later)
380_turn_015,study (what did you study at school)
380_turn_016,hmm1 (hmm)
380_turn_017,uh_huh (uh huh)
380_turn_018,wild_laughter5 ((laughter))
380_turn_019,still_working_on_X (are you still working in that)
380_turn_020,mm (mm)
380_turn_021,okay_confirm (okay)
380_turn_022,mhm (mhm)
380_turn_023,why2 (why)
380_turn_024,okay_confirm (okay)
380_turn_025,yeah3 (yeah)
380_turn_026,uh_huh (uh huh)
380_turn_027,yes (yes)
380_turn_028,uh_huh (uh huh)
380_turn_029,why2 (why)
380_turn_030,mm (mm)
380_turn_031,yeah2 (yeah)
380_turn_032,right2 (right)
380_turn_033,hmmB (hmm)
380_turn_034,yeah3 (yeah)
380_turn_035,understand (i understand)
380_turn_036,memory_erase (tell me about an event or something that you wish you could erase from your memory)
380_turn_037,hmmB (hmm)
380_turn_038,yeah3 (yeah)
380_turn_039,mhm (mhm)
380_turn_040,isee_downer (i see)
380_turn_041,yes (yes)
380_turn_042,yeah_downer (yeah)
380_turn_043,mm (mm)
380_turn_044,okay_confirm (okay)
380_turn_045,behavior_changes (have you noticed any changes in your behavior or thoughts lately)
380_turn_046,mind (whatever comes to your mind)
380_turn_047,Ellie17Dec2012_03 (that's good)
380_turn_048,depression_diagnosed (have you been diagnosed with depression)
380_turn_049,happy_lasttime (tell me about the last time you felt really happy)
380_turn_050,wow (wow)
380_turn_051,uh_huh (uh huh)
380_turn_052,makes_sense (that makes sense)
380_turn_053,okay_confirm (okay)
380_turn_054,um (um)
380_turn_055,been_hard (that sounds really hard)
380_turn_056,mhm (mhm)
380_turn_057,asked_everything (okay i think i have asked everything i need to)
383_turn_000,okay_confirm (okay)
383_turn_001,really (really)
383_turn_002,Ellie17Dec2012_02 (uh huh)
383_turn_003,cool3 (cool)
383_turn_004,mhm (mhm)
383_turn_005,mm (mm)
383_turn_006,travel_changed (what do you enjoy about traveling)
383_turn_007,thats_great (that's great)
383_turn_008,travel_trips (i'd love to hear about one of your trips)
383_turn_009,mhm (mhm)
383_turn_010,hmm1 (hmm)
383_turn_011,change_directions (what made you decide to do that)
383_turn_012,okay_confirm (okay)
383_turn_013,wow (wow)
383_turn_014,sounds_interesting (that sounds interesting)
383_turn_015,yeah_downer (yeah)
383_turn_016,dream_job (what's your dream job)
383_turn_017,thats_good (that's good)
383_turn_018,relax_fishtank (sometimes when i'm feeling tense i turn on the fish tank screensaver hey i know it's not hawaii but it's the best i've got what do you do to relax)
383_turn_019,uh_huh (uh huh)
383_turn_020,last_argument (when was the last time you argued with someone and what was it about)
383_turn_021,okay_confirm (okay)
383_turn_022,talk_later (why don't we talk about that later)
383_turn_023,memory_erase (tell me about an event or something that you wish you could erase from your memory)
383_turn_024,mm (mm)
383_turn_025,hard_decisionB (tell me about the hardest decision you've ever had to make)
383_turn_026,yeah_downer (yeah)
383_turn_027,right2 (right)
383_turn_028,mhm (mhm)
383_turn_029,right2 (right)
383_turn_030,okay_confirm (okay)
383_turn_031,symptoms_cope (how do you cope with them)
383_turn_032,okay_confirm (okay)
383_turn_033,feel_lately (how have you been feeling lately)
383_turn_034,mhm (mhm)
383_turn_035,depression_diagnosed (have you been diagnosed with depression)
383_turn_036,tell_about_that (can you tell me about that)
383_turn_037,okay_confirm (okay)
383_turn_038,thats_great (that's great)
383_turn_039,BF_describe (how would your best friend describe you)
383_turn_040,okay_confirm (okay)
383_turn_041,okay_confirm (okay)
383_turn_042,uh_huh (uh huh)
383_turn_043,yes (yes)
383_turn_044,cool3 (cool)
383_turn_045,thats_good (that's good)
383_turn_046,bye (goodbye)
383_turn_047,mhm (mhm)
383_turn_048,yes (yes)
383_turn_049,wild_laughter3 ((laughter))
383_turn_050,wild_laughter5 ((laughter))
385_turn_000,great_thanks (i'm great thanks)
385_turn_001,dont_like_LA (what are some things you don't really like about l_a)
385_turn_002,see_mean (i see what you mean)
385_turn_003,still_working_on_X (are you still working in that)
385_turn_004,dream_job (what's your dream job)
385_turn_005,wild_laughter3 ((laughter))
385_turn_006,thats_good (that's good)
385_turn_007,memory_erase (tell me about an event or something that you wish you could erase from your memory)
385_turn_008,mad_makeyou (what are some things that make you really mad)
385_turn_009,like_what (like what)
385_turn_010,okay_confirm (okay)
385_turn_011,situation_handled (tell me about a situation that you wish you had handled differently)
385_turn_012,mm (mm)
385_turn_013,depression_diagnosed (have you been diagnosed with depression)
385_turn_014,easy_sleep (how easy is it for you to get a good night's sleep)
385_turn_015,trigger (are they triggered by something)
385_turn_016,behavior_changes (have you noticed any changes in your behavior or thoughts lately)
385_turn_017,Ellie17Dec2012_10 (tell me about something you did recently that you really enjoyed)
385_turn_018,really (really)
385_turn_019,cool3 (cool)
385_turn_020,okay_confirm (okay)
385_turn_021,BF_describe (how would your best friend describe you)
385_turn_022,um (um)
385_turn_023,Ellie17Dec2012_02 (uh huh)
385_turn_024,memorableB (what's one of your most memorable experiences)
385_turn_025,like_what (like what)
386_turn_000,uh_oh (uh oh)
386_turn_001,really (really)
386_turn_002,when_LA (when did you move to l_a)
386_turn_003,yeah3 (yeah)
386_turn_004,often_backB (how often do you go back to your hometown)
386_turn_005,why2 (why)
386_turn_006,yeah3 (yeah)
386_turn_007,see_mean (i see what you mean)
386_turn_008,adapted_LA (how easy was it for you to get used to living in l_a)
386_turn_009,thats_good (that's good)
386_turn_010,change_directions (what made you decide to do that)
386_turn_011,okay_confirm (okay)
386_turn_012,happy_didthat (are you happy you did that)
386_turn_013,dream_job (what's your dream job)
386_turn_014,wild_laughter3 ((laughter))
386_turn_015,yeah_downer (yeah)
386_turn_016,relax_fishtank (sometimes when i'm feeling tense i turn on the fish tank screensaver hey i know it's not hawaii but it's the best i've got what do you do to relax)
386_turn_017,control_temper (how are you at controlling your temper)
386_turn_018,mhm (mhm)
386_turn_019,okay_confirm (okay)
386_turn_020,situation_handled (tell me about a situation that you wish you had handled differently)
386_turn_021,hmmB (hmm)
386_turn_022,makes_sense (that makes sense)
386_turn_023,yeah_downer (yeah)
386_turn_024,trade_offs (there are always trade-offs in life aren't there)
386_turn_025,mhm (mhm)
386_turn_026,thats_good (that's good)
386_turn_027,todays_kids (what do you think of today's kids)
386_turn_028,easy_sleep (how easy is it for you to get a good night's sleep)
386_turn_029,oh_no (oh no)
386_turn_030,that_sucks (that sucks)
386_turn_031,sleep_affects (what are you like when you don't sleep well)
386_turn_032,uh_huh (uh huh)
386_turn_033,right2 (right)
386_turn_034,okay_confirm (okay)
386_turn_035,depression_diagnosed (have you been diagnosed with depression)
386_turn_036,happy_lasttime (tell me about the last time you felt really happy)
386_turn_037,Ellie17Dec2012_10 (tell me about something you did recently that you really enjoyed)
386_turn_038,okay_confirm (okay)
386_turn_039,advice_back (what advice would you give to yourself ten or twenty years ago)
386_turn_040,uh_huh (uh huh)
386_turn_041,okay_confirm (okay)
386_turn_042,thats_good (that's good)
386_turn_043,yeah_downer (yeah)
386_turn_044,understand (i understand)
386_turn_045,yes (yes)
386_turn_046,Ellie17Dec2012_07 (what would you say are some of your best qualities)
386_turn_047,mhm (mhm)
386_turn_048,do_fun (what are some things you like to do for fun)
386_turn_049,travel_changed (what do you enjoy about traveling)
386_turn_050,yeah3 (yeah)
386_turn_051,mm (mm)
386_turn_052,wow (wow)
386_turn_053,right2 (right)
391_turn_000,sorry_hear (i'm sorry to hear that)
391_turn_001,often_backB (how often do you go back to your hometown)
391_turn_002,thats_good (that's good)
391_turn_003,yeah3 (yeah)
391_turn_004,mhm (mhm)
391_turn_005,see_mean (i see what you mean)
391_turn_006,travel_changed (what do you enjoy about traveling)
391_turn_007,travel_trips (i'd love to hear about one of your trips)
391_turn_008,awesome (awesome)
391_turn_009,thats_great (that's great)
391_turn_010,dream_job (what's your dream job)
391_turn_011,really (really)
391_turn_012,wild_laughter3 ((laughter))
391_turn_013,like_what (like what)
391_turn_014,nice (nice)
391_turn_015,that_sucks (that sucks)
391_turn_016,okay_confirm (okay)
391_turn_017,okay_confirm (okay)
391_turn_018,tell_me_about (tell me about that)
391_turn_019,yeah_downer (yeah)
391_turn_020,sleep_affects (what are you like when you don't sleep well)
391_turn_021,uh_huh (uh huh)
391_turn_022,why2 (why)
391_turn_023,isee_downer (i see)
391_turn_024,depression_diagnosed (have you been diagnosed with depression)
391_turn_025,happy_lasttime (tell me about the last time you felt really happy)
391_turn_026,tell_about_that (can you tell me about that)
391_turn_027,Ellie17Dec2012_10 (tell me about something you did recently that you really enjoyed)
391_turn_028,ideal_weekendC (tell me how you spend your ideal weekend)
391_turn_029,regret (is there anything you regret)
391_turn_030,avoid (could you have done anything to avoid it)
391_turn_031,okay_confirm (okay)
391_turn_032,BF_describe (how would your best friend describe you)
391_turn_033,very_young (you were very young weren't you)
391_turn_034,Ellie17Dec2012_08 (what are you most proud of in your life)
391_turn_035,family_relationship (tell me about your relationship with your family)
391_turn_036,influence_positive (who's someone that's been a positive influence in your life)
391_turn_037,like_what (like what)
391_turn_038,Ellie17Dec2012_07 (what would you say are some of your best qualities)
391_turn_039,do_fun (what are some things you like to do for fun)
391_turn_040,thats_good (that's good)
392_turn_000,dont_like_LA (what are some things you don't really like about l_a)
392_turn_001,see_mean (i see what you mean)
392_turn_002,still_working_on_X (are you still working in that)
392_turn_003,like_what (like what)
392_turn_004,mhm (mhm)
392_turn_005,yeah3 (yeah)
392_turn_006,okay_confirm (okay)
392_turn_007,uh_huh (uh huh)
392_turn_008,control_temper (how are you at controlling your temper)
392_turn_009,thats_good (that's good)
392_turn_010,wow (wow)
392_turn_011,okay_confirm (okay)
392_turn_012,why2 (why)
392_turn_013,understand (i understand)
392_turn_014,okay_confirm (okay)
392_turn_015,im_sorry (i'm sorry)
392_turn_016,change_directions (what made you decide to do that)
392_turn_017,difficult (how hard is that)
392_turn_018,okay_confirm (okay)
392_turn_019,tell_about_that (can you tell me about that)
392_turn_020,good_hear (that's so good to hear)
392_turn_021,sleep_affects (what are you like when you don't sleep well)
392_turn_022,okay_confirm (okay)
392_turn_023,mhm (mhm)
392_turn_024,behavior_changes (have you noticed any changes in your behavior or thoughts lately)
392_turn_025,ptsd_diagnosed (have you ever been diagnosed with p_t_s_d)
392_turn_026,depression_diagnosed (have you been diagnosed with depression)
392_turn_027,happy_lasttime (tell me about the last time you felt really happy)
392_turn_028,thats_great (that's great)
392_turn_029,mhm (mhm)
392_turn_030,mm (mm)
392_turn_031,advice_back (what advice would you give to yourself ten or twenty years ago)
392_turn_032,self_change (what are some things you wish you could change about yourself)
392_turn_033,give_example (can you give me an example of that)
392_turn_034,okay_confirm (okay)
392_turn_035,oh_no (oh no)
392_turn_036,that_sucks (that sucks)
392_turn_037,mhm (mhm)
392_turn_038,good_hear (that's so good to hear)
392_turn_039,asked_everything (okay i think i have asked everything i need to)
393_turn_000,really (really)
393_turn_001,mhm (mhm)
393_turn_002,yeah3 (yeah)
393_turn_003,cool3 (cool)
393_turn_004,still_working_on_X (are you still working in that)
393_turn_005,dream_job (what's your dream job)
393_turn_006,difficult (how hard is that)
393_turn_007,shyoutgoing (do you consider yourself more shy or outgoing)
393_turn_008,give_example (can you give me an example of that)
393_turn_009,relax_fishtank (sometimes when i'm feeling tense i turn on the fish tank screensaver hey i know it's not hawaii but it's the best i've got what do you do to relax)
393_turn_010,uh_huh (uh huh)
393_turn_011,control_temper (how are you at controlling your temper)
393_turn_012,thats_good (that's good)
393_turn_013,like_what (like what)
393_turn_014,uh_oh (uh oh)
393_turn_015,okay_confirm (okay)
393_turn_016,thats_great (that's great)
393_turn_017,influence_positive (who's someone that's been a positive influence in your life)
393_turn_018,tell_about_that (can you tell me about that)
393_turn_019,okay_confirm (okay)
393_turn_020,hmmB (hmm)
393_turn_021,hard_decisionB (tell me about the hardest decision you've ever had to make)
393_turn_022,tell_me_about (tell me about that)
393_turn_023,why2 (why)
393_turn_024,okay_confirm (okay)
393_turn_025,thats_good (that's good)
393_turn_026,uh_huh (uh huh)
393_turn_027,behavior_changes (have you noticed any changes in your behavior or thoughts lately)
393_turn_028,depression_diagnosed (have you been diagnosed with depression)
393_turn_029,happy_lasttime (tell me about the last time you felt really happy)
393_turn_030,awesome (awesome)
393_turn_031,regret (is there anything you regret)
393_turn_032,self_change (what are some things you wish you could change about yourself)
393_turn_033,feelbadly (tell me about a time when someone made you feel really badly about yourself)
393_turn_034,Ellie17Dec2012_02 (uh huh)
393_turn_035,im_sorry (i'm sorry)
393_turn_036,okay_confirm (okay)
393_turn_037,nice (nice)
397_turn_000,thats_good (that's good)
397_turn_001,where_originally (where are you from originally)
397_turn_002,like_about_LA (what are some things you really like about l_a)
397_turn_003,dont_like_LA (what are some things you don't really like about l_a)
397_turn_004,yeah3 (yeah)
397_turn_005,travel_changed (what do you enjoy about traveling)
397_turn_006,travel_trips (i'd love to hear about one of your trips)
397_turn_007,thats_great (that's great)
397_turn_008,mhm (mhm)
397_turn_009,hard_decision (how did you decide to do that)
397_turn_010,still_working_on_X (are you still working in that)
397_turn_011,awesome (awesome)
397_turn_012,hmm_downer (hmm)
397_turn_013,shyoutgoing (do you consider yourself more shy or outgoing)
397_turn_014,relax_fishtank (sometimes when i'm feeling tense i turn on the fish tank screensaver hey i know it's not hawaii but it's the best i've got what do you do to relax)
397_turn_015,cool3 (cool)
397_turn_016,mm (mm)
397_turn_017,last_argument (when was the last time you argued with someone and what was it about)
397_turn_018,tell_about_that (can you tell me about that)
397_turn_019,describe_felt (how did you feel in that moment)
397_turn_020,aw (aw)
397_turn_021,parent_hardest (what's the hardest thing about being a parent)
397_turn_022,parent_best (what's the best thing about being a parent)
397_turn_023,family_relationship (tell me about your relationship with your family)
397_turn_024,okay_confirm (okay)
397_turn_025,tell_about_that (can you tell me about that)
397_turn_026,good_hear (that's so good to hear)
397_turn_027,feelguilty (what's something you feel guilty about)
397_turn_028,avoid (could you have done anything to avoid it)
397_turn_029,yeah_downer (yeah)
397_turn_030,situation_handled (tell me about a situation that you wish you had handled differently)
397_turn_031,hmm_downer (hmm)
397_turn_032,difficult (how hard is that)
397_turn_033,yeah_downer (yeah)
397_turn_034,okay_confirm (okay)
397_turn_035,change_directions (what made you decide to do that)
397_turn_036,downer (okay)
397_turn_037,tell_about_that (can you tell me about that)
397_turn_038,isee_downer (i see)
397_turn_039,sleep_affects (what are you like when you don't sleep well)
397_turn_040,feel_lately (how have you been feeling lately)
397_turn_041,im_sorry (i'm sorry)
397_turn_042,yeah_downer (yeah)
397_turn_043,Ellie17Dec2012_06 (wow)
397_turn_044,ptsd_diagnosed (have you ever been diagnosed with p_t_s_d)
397_turn_045,depression_diagnosed (have you been diagnosed with depression)
397_turn_046,happy_lasttime (tell me about the last time you felt really happy)
397_turn_047,happy_lasttime (tell me about the last time you felt really happy)
397_turn_048,thats_great (that's great)
397_turn_049,give_example (can you give me an example of that)
397_turn_050,like_what (like what)
397_turn_051,uh_huh (uh huh)
397_turn_052,mm (mm)
397_turn_053,self_change (what are some things you wish you could change about yourself)
397_turn_054,landed_trouble (has that gotten you in trouble)
397_turn_055,feelbadly (tell me about a time when someone made you feel really badly about yourself)
397_turn_056,mhm (mhm)
397_turn_057,yeah_downer (yeah)
397_turn_058,okay_confirm (okay)
397_turn_059,thats_great (that's great)
397_turn_060,todays_kids (what do you think of today's kids)
397_turn_061,yeah3 (yeah)
397_turn_062,Ellie17Dec2012_08 (what are you most proud of in your life)
397_turn_063,asked_everything (okay i think i have asked everything i need to)
397_turn_064,bye (goodbye)
400_turn_000,like_about_LA (what are some things you really like about l_a)
400_turn_001,mhm (mhm)
400_turn_002,see_mean (i see what you mean)
400_turn_003,cool3 (cool)
400_turn_004,still_working_on_X (are you still working in that)
400_turn_005,change_directions (what made you decide to do that)
400_turn_006,thats_great (that's great)
400_turn_007,travel_changed (what do you enjoy about traveling)
400_turn_008,travel_trips (i'd love to hear about one of your trips)
400_turn_009,memorableB (what's one of your most memorable experiences)
400_turn_010,great_situation (that sounds like a great situation)
400_turn_011,family_relationship (tell me about your relationship with your family)
400_turn_012,sorry_hear (i'm sorry to hear that)
400_turn_013,why2 (why)
400_turn_014,mhm (mhm)
400_turn_015,control_temper (how are you at controlling your temper)
400_turn_016,hmm_downer (hmm)
400_turn_017,last_argument (when was the last time you argued with someone and what was it about)
400_turn_018,why2 (why)
400_turn_019,uh_huh (uh huh)
400_turn_020,okay_confirm (okay)
400_turn_021,feelguilty (what's something you feel guilty about)
400_turn_022,tell_about_that (can you tell me about that)
400_turn_023,okay_confirm (okay)
400_turn_024,more (tell me more about that)
400_turn_025,uh_huh (uh huh)
400_turn_026,thats_good (that's good)
400_turn_027,tell_about_that (can you tell me about that)
400_turn_028,mhm (mhm)
400_turn_029,thats_great (that's great)
400_turn_030,depression_diagnosed (have you been diagnosed with depression)
400_turn_031,when_diagnosed (how long ago were you diagnosed)
400_turn_032,why_seek_help (what got you to seek help)
400_turn_033,symptoms_what (what were your symptoms)
400_turn_034,therapy_going (do you still go to therapy now)
400_turn_035,stop_going (why did you stop)
400_turn_036,mhm (mhm)
400_turn_037,tell_about_that (can you tell me about that)
400_turn_038,yeah3 (yeah)
400_turn_039,thats_great (that's great)
400_turn_040,difficult (how hard is that)
400_turn_041,feelbadly (tell me about a time when someone made you feel really badly about yourself)
400_turn_042,yeah_downer (yeah)
400_turn_043,okay_confirm (okay)
400_turn_044,Ellie17Dec2012_10 (tell me about something you did recently that you really enjoyed)
400_turn_045,tell_about_that (can you tell me about that)
400_turn_046,awesome (awesome)
400_turn_047,okay_confirm (okay)
400_turn_048,okay_confirm (okay)
400_turn_049,good_hear (that's so good to hear)
401_turn_000,thats_good (that's good)
401_turn_001,really (really)
401_turn_002,often_backB (how often do you go back to your hometown)
401_turn_003,compares_LA (how does it compare to l_a)
401_turn_004,why_LA (why did you move to l_a)
401_turn_005,sounds_interesting (that sounds interesting)
401_turn_006,mhm (mhm)
401_turn_007,like_about_LA (what are some things you really like about l_a)
401_turn_008,uh_huh (uh huh)
401_turn_009,dont_like_LA (what are some things you don't really like about l_a)
401_turn_010,yeah_downer (yeah)
401_turn_011,family_relationship (tell me about your relationship with your family)
401_turn_012,downer (okay)
401_turn_013,travel_changed (what do you enjoy about traveling)
401_turn_014,travel_trips (i'd love to hear about one of your trips)
401_turn_015,yeah2 (yeah)
401_turn_016,okay_confirm (okay)
401_turn_017,okay_confirm (okay)
401_turn_018,thats_good (that's good)
401_turn_019,tell_about_that (can you tell me about that)
401_turn_020,yeah_downer (yeah)
401_turn_021,mhm (mhm)
401_turn_022,yeah_downer (yeah)
401_turn_023,situation_handled (tell me about a situation that you wish you had handled differently)
401_turn_024,isee_downer (i see)
401_turn_025,describe_felt (how did you feel in that moment)
401_turn_026,Ellie17Dec2012_03 (that's good)
401_turn_027,mm (mm)
401_turn_028,why2 (why)
401_turn_029,been_hard (that sounds really hard)
401_turn_030,sleep_affects (what are you like when you don't sleep well)
401_turn_031,trigger (are they triggered by something)
401_turn_032,like_what (like what)
401_turn_033,uh_huh (uh huh)
401_turn_034,behavior_changes (have you noticed any changes in your behavior or thoughts lately)
401_turn_035,symptoms_cope (how do you cope with them)
401_turn_036,mhm (mhm)
401_turn_037,depression_diagnosed (have you been diagnosed with depression)
401_turn_038,happy_lasttime (tell me about the last time you felt really happy)
401_turn_039,ideal_weekendC (tell me how you spend your ideal weekend)
401_turn_040,nice (nice)
401_turn_041,feelbadly (tell me about a time when someone made you feel really badly about yourself)
401_turn_042,okay_confirm (okay)
401_turn_043,uh_huh (uh huh)
401_turn_044,okay_confirm (okay)
401_turn_045,give_example (can you give me an example of that)
401_turn_046,yeah_downer (yeah)
401_turn_047,mm (mm)
401_turn_048,good_hear (that's so good to hear)
402_turn_000,really (really)
402_turn_001,often_backB (how often do you go back to your hometown)
402_turn_002,okay_confirm (okay)
402_turn_003,see_mean (i see what you mean)
402_turn_004,thats_good (that's good)
402_turn_005,like_about_LA (what are some things you really like about l_a)
402_turn_006,good_hear (that's so good to hear)
402_turn_007,okay_confirm (okay)
402_turn_008,dream_job (what's your dream job)
402_turn_009,tell_about_that (can you tell me about that)
402_turn_010,yeah3 (yeah)
402_turn_011,relax_fishtank (sometimes when i'm feeling tense i turn on the fish tank screensaver hey i know it's not hawaii but it's the best i've got what do you do to relax)
402_turn_012,control_temper (how are you at controlling your temper)
402_turn_013,last_argument (when was the last time you argued with someone and what was it about)
402_turn_014,situation_handled (tell me about a situation that you wish you had handled differently)
402_turn_015,okay_confirm (okay)
402_turn_016,okay_confirm (okay)
402_turn_017,easy_sleep (how easy is it for you to get a good night's sleep)
402_turn_018,sleep_affects (what are you like when you don't sleep well)
402_turn_019,feel_lately (how have you been feeling lately)
402_turn_020,tell_about_that (can you tell me about that)
402_turn_021,thats_great (that's great)
402_turn_022,when_diagnosed (how long ago were you diagnosed)
402_turn_023,why_seek_help (what got you to seek help)
402_turn_024,therapy_going (do you still go to therapy now)
402_turn_025,stop_going (why did you stop)
402_turn_026,more (tell me more about that)
402_turn_027,hard_decision (how did you decide to do that)
402_turn_028,describe_felt (how did you feel in that moment)
402_turn_029,Ellie17Dec2012_04 (that's great)
402_turn_030,awesome (awesome)
402_turn_031,ideal_weekendC (tell me how you spend your ideal weekend)
402_turn_032,okay_confirm (okay)
402_turn_033,mhm (mhm)
402_turn_034,advice_back (what advice would you give to yourself ten or twenty years ago)
402_turn_035,influence_positive (who's someone that's been a positive influence in your life)
402_turn_036,tell_about_that (can you tell me about that)
402_turn_037,Ellie17Dec2012_08 (what are you most proud of in your life)
402_turn_038,asked_everything (okay i think i have asked everything i need to)
409_turn_000,okay_confirm (okay)
409_turn_001,really (really)
409_turn_002,mhm (mhm)
409_turn_003,okay_confirm (okay)
409_turn_004,yeah3 (yeah)
409_turn_005,change_directions (what made you decide to do that)
409_turn_006,mhm (mhm)
409_turn_007,why2 (why)
409_turn_008,dream_job (what's your dream job)
409_turn_009,yeah3 (yeah)
409_turn_010,see_mean (i see what you mean)
409_turn_011,wild_laughter5 ((laughter))
409_turn_012,okay_confirm (okay)
409_turn_013,mm (mm)
409_turn_014,thats_good (that's good)
409_turn_015,okay_confirm (okay)
409_turn_016,isee_downer (i see)
409_turn_017,okay_confirm (okay)
409_turn_018,downer (okay)
409_turn_019,feel_lately (how have you been feeling lately)
409_turn_020,thats_good (that's good)
409_turn_021,depression_diagnosed (have you been diagnosed with depression)
409_turn_022,mhm (mhm)
409_turn_023,why2 (why)
409_turn_024,okay_confirm (okay)
409_turn_025,great_situation (that sounds like a great situation)
409_turn_026,BF_describe (how would your best friend describe you)
409_turn_027,Ellie17Dec2012_07 (what would you say are some of your best qualities)
409_turn_028,mhm (mhm)
409_turn_029,mind (whatever comes to your mind)
409_turn_030,mm (mm)
409_turn_031,yeah2 (yeah)
409_turn_032,right2 (right)
409_turn_033,mhm (mhm)
409_turn_034,asked_everything (okay i think i have asked everything i need to)
412_turn_000,really (really)
412_turn_001,compares_LA (how does it compare to l_a)
412_turn_002,why_LA (why did you move to l_a)
412_turn_003,dont_like_LA (what are some things you don't really like about l_a)
412_turn_004,yeah3 (yeah)
412_turn_005,travel_shoes (i'm sure you can tell by my shoes i'm not much of a world explorer do you travel a lot)
412_turn_006,travel_changed (what do you enjoy about traveling)
412_turn_007,travel_trips (i'd love to hear about one of your trips)
412_turn_008,memorableB (what's one of your most memorable experiences)
412_turn_009,awesome (awesome)
412_turn_010,hard_decision (how did you decide to do that)
412_turn_011,still_working_on_X (are you still working in that)
412_turn_012,dream_job (what's your dream job)
412_turn_013,like_what (like what)
412_turn_014,cool3 (cool)
412_turn_015,okay_confirm (okay)
412_turn_016,nice (nice)
412_turn_017,thats_great (that's great)
412_turn_018,describe_felt (how did you feel in that moment)
412_turn_019,tell_about_that (can you tell me about that)
412_turn_020,see_mean (i see what you mean)
412_turn_021,more (tell me more about that)
412_turn_022,difficult (how hard is that)
412_turn_023,family_relationship (tell me about your relationship with your family)
412_turn_024,mm (mm)
412_turn_025,memory_erase (tell me about an event or something that you wish you could erase from your memory)
412_turn_026,sorry_hear (i'm sorry to hear that)
412_turn_027,Ellie17Dec2012_06 (wow)
412_turn_028,downer (okay)
412_turn_029,why2 (why)
412_turn_030,like_what (like what)
412_turn_031,okay_confirm (okay)
412_turn_032,behavior_changes (have you noticed any changes in your behavior or thoughts lately)
412_turn_033,ptsd_diagnosed (have you ever been diagnosed with p_t_s_d)
412_turn_034,depression_diagnosed (have you been diagnosed with depression)
412_turn_035,happy_lasttime (tell me about the last time you felt really happy)
412_turn_036,thats_good (that's good)
412_turn_037,okay_confirm (okay)
412_turn_038,self_change (what are some things you wish you could change about yourself)
412_turn_039,mhm (mhm)
412_turn_040,oh_no (oh no)
412_turn_041,that_sucks (that sucks)
412_turn_042,Ellie17Dec2012_10 (tell me about something you did recently that you really enjoyed)
412_turn_043,thats_great (that's great)
412_turn_044,asked_everything (okay i think i have asked everything i need to)
414_turn_000,really (really)
414_turn_001,mhm (mhm)
414_turn_002,dont_like_LA (what are some things you don't really like about l_a)
414_turn_003,okay_confirm (okay)
414_turn_004,nice (nice)
414_turn_005,mhm (mhm)
414_turn_006,awesome (awesome)
414_turn_007,good_hear (that's so good to hear)
414_turn_008,cool3 (cool)
414_turn_009,thats_great (that's great)
414_turn_010,okay_confirm (okay)
414_turn_011,shyoutgoing (do you consider yourself more shy or outgoing)
414_turn_012,relax_fishtank (sometimes when i'm feeling tense i turn on the fish tank screensaver hey i know it's not hawaii but it's the best i've got what do you do to relax)
414_turn_013,okay_confirm (okay)
414_turn_014,landed_trouble (has that gotten you in trouble)
414_turn_015,last_argument (when was the last time you argued with someone and what was it about)
414_turn_016,difficult (how hard is that)
414_turn_017,im_sorry (i'm sorry)
414_turn_018,situation_handled (tell me about a situation that you wish you had handled differently)
414_turn_019,avoid (could you have done anything to avoid it)
414_turn_020,hard_decisionB (tell me about the hardest decision you've ever had to make)
414_turn_021,tell_about_that (can you tell me about that)
414_turn_022,yeah_downer (yeah)
414_turn_023,been_hard (that sounds really hard)
414_turn_024,therapy_going (do you still go to therapy now)
414_turn_025,therapy_useful (do you feel like therapy is useful)
414_turn_026,aw (aw)
414_turn_027,downer (okay)
414_turn_028,easy_sleep (how easy is it for you to get a good night's sleep)
414_turn_029,why2 (why)
414_turn_030,like_what (like what)
414_turn_031,bouts_symptoms (when was the last time that happened)
414_turn_032,Ellie17Dec2012_06 (wow)
414_turn_033,BF_describe (how would your best friend describe you)
414_turn_034,regret (is there anything you regret)
414_turn_035,advice_back (what advice would you give to yourself ten or twenty years ago)
414_turn_036,yeah_downer (yeah)
414_turn_037,wild_laughter5 ((laughter))
414_turn_038,Ellie17Dec2012_08 (what are you most proud of in your life)
414_turn_039,thats_great (that's great)
415_turn_000,often_backB (how often do you go back to your hometown)
415_turn_001,compares_LA (how does it compare to l_a)
415_turn_002,mm (mm)
415_turn_003,adapted_LA (how easy was it for you to get used to living in l_a)
415_turn_004,wild_laughter5 ((laughter))
415_turn_005,study (what did you study at school)
415_turn_006,sounds_interesting (that sounds interesting)
415_turn_007,wow (wow)
415_turn_008,like_what (like what)
415_turn_009,dream_job (what's your dream job)
415_turn_010,thats_great (that's great)
415_turn_011,travel_trips (i'd love to hear about one of your trips)
415_turn_012,memorableB (what's one of your most memorable experiences)
415_turn_013,awesome (awesome)
415_turn_014,tell_about_that (can you tell me about that)
415_turn_015,good_hear (that's so good to hear)
415_turn_016,okay_confirm (okay)
415_turn_017,wild_laughter5 ((laughter))
415_turn_018,thats_great (that's great)
415_turn_019,wild_laughter3 ((laughter))
415_turn_020,yeah_downer (yeah)
415_turn_021,why2 (why)
415_turn_022,yeah_downer (yeah)
415_turn_023,okay_confirm (okay)
415_turn_024,yeah_downer (yeah)
415_turn_025,that_sucks (that sucks)
415_turn_026,sleep_affects (what are you like when you don't sleep well)
415_turn_027,okay_confirm (okay)
415_turn_028,behavior_changes (have you noticed any changes in your behavior or thoughts lately)
415_turn_029,like_what (like what)
415_turn_030,yeah3 (yeah)
415_turn_031,depression_diagnosed (have you been diagnosed with depression)
415_turn_032,happy_lasttime (tell me about the last time you felt really happy)
415_turn_033,thats_great (that's great)
415_turn_034,regret (is there anything you regret)
415_turn_035,advice_back (what advice would you give to yourself ten or twenty years ago)
415_turn_036,self_change (what are some things you wish you could change about yourself)
415_turn_037,mhm (mhm)
415_turn_038,okay_confirm (okay)
415_turn_039,nice (nice)
415_turn_040,asked_everything (okay i think i have asked everything i need to)
416_turn_000,great_thanks (i'm great thanks)
416_turn_001,really (really)
416_turn_002,long_time (that's a long time)
416_turn_003,often_backB (how often do you go back to your hometown)
416_turn_004,why2 (why)
416_turn_005,see_mean (i see what you mean)
416_turn_006,adapted_LA (how easy was it for you to get used to living in l_a)
416_turn_007,thats_good (that's good)
416_turn_008,mhm (mhm)
416_turn_009,travel_shoes (i'm sure you can tell by my shoes i'm not much of a world explorer do you travel a lot)
416_turn_010,travel_changed (what do you enjoy about traveling)
416_turn_011,cool3 (cool)
416_turn_012,memorableB (what's one of your most memorable experiences)
416_turn_013,okay_confirm (okay)
416_turn_014,study (what did you study at school)
416_turn_015,still_working_on_X (are you still working in that)
416_turn_016,that_sucks (that sucks)
416_turn_017,dream_job (what's your dream job)
416_turn_018,tell_about_that (can you tell me about that)
416_turn_019,uh_huh (uh huh)
416_turn_020,yeah_downer (yeah)
416_turn_021,okay_confirm (okay)
416_turn_022,mhm (mhm)
416_turn_023,last_argument (when was the last time you argued with someone and what was it about)
416_turn_024,tell_about_that (can you tell me about that)
416_turn_025,describe_felt (how did you feel in that moment)
416_turn_026,uh_huh (uh huh)
416_turn_027,situation_handled (tell me about a situation that you wish you had handled differently)
416_turn_028,mhm (mhm)
416_turn_029,feelguilty (what's something you feel guilty about)
416_turn_030,yeah_downer (yeah)
416_turn_031,family_relationship (tell me about your relationship with your family)
416_turn_032,thats_good (that's good)
416_turn_033,sleep_affects (what are you like when you don't sleep well)
416_turn_034,mhm (mhm)
416_turn_035,makes_sense (that makes sense)
416_turn_036,depression_diagnosed (have you been diagnosed with depression)
416_turn_037,happy_lasttime (tell me about the last time you felt really happy)
416_turn_038,mhm (mhm)
416_turn_039,why2 (why)
416_turn_040,mm (mm)
416_turn_041,yeah_downer (yeah)
416_turn_042,downer (okay)
416_turn_043,describe_felt (how did you feel in that moment)
416_turn_044,influence_positive (who's someone that's been a positive influence in your life)
416_turn_045,thats_great (that's great)
416_turn_046,tell_about_that (can you tell me about that)
416_turn_047,give_example (can you give me an example of that)
416_turn_048,see_mean (i see what you mean)
416_turn_049,advice_back (what advice would you give to yourself ten or twenty years ago)
416_turn_050,Ellie17Dec2012_10 (tell me about something you did recently that you really enjoyed)
416_turn_051,wild_laughter5 ((laughter))
416_turn_052,Ellie17Dec2012_07 (what would you say are some of your best qualities)
416_turn_053,yeah2 (yeah)
416_turn_054,asked_everything (okay i think i have asked everything i need to)
416_turn_055,appreciate_open (thanks for sharing your thoughts with me)
416_turn_056,bye (goodbye)
419_turn_000,thats_good (that's good)
419_turn_001,really (really)
419_turn_002,long_time (that's a long time)
419_turn_003,often_backB (how often do you go back to your hometown)
419_turn_004,why2 (why)
419_turn_005,okay_confirm (okay)
419_turn_006,why_LA (why did you move to l_a)
419_turn_007,uh_huh (uh huh)
419_turn_008,travel_changed (what do you enjoy about traveling)
419_turn_009,travel_trips (i'd love to hear about one of your trips)
419_turn_010,memorableB (what's one of your most memorable experiences)
419_turn_011,yeah3 (yeah)
419_turn_012,why2 (why)
419_turn_013,see_mean (i see what you mean)
419_turn_014,awesome (awesome)
419_turn_015,still_working_on_X (are you still working in that)
419_turn_016,dream_job (what's your dream job)
419_turn_017,mhm (mhm)
419_turn_018,thats_great (that's great)
419_turn_019,last_argument (when was the last time you argued with someone and what was it about)
419_turn_020,yeah_downer (yeah)
419_turn_021,hmm_downer (hmm)
419_turn_022,see_mean (i see what you mean)
419_turn_023,aw (aw)
419_turn_024,yeah_downer (yeah)
419_turn_025,wild_laughter5 ((laughter))
419_turn_026,thats_good (that's good)
419_turn_027,why2 (why)
419_turn_028,feel_lately (how have you been feeling lately)
419_turn_029,okay_confirm (okay)
419_turn_030,depression_diagnosed (have you been diagnosed with depression)
419_turn_031,happy_lasttime (tell me about the last time you felt really happy)
419_turn_032,nice (nice)
419_turn_033,self_change (what are some things you wish you could change about yourself)
419_turn_034,regret (is there anything you regret)
419_turn_035,advice_back (what advice would you give to yourself ten or twenty years ago)
419_turn_036,Ellie17Dec2012_08 (what are you most proud of in your life)
419_turn_037,thats_great (that's great)
423_turn_000,really (really)
423_turn_001,mhm (mhm)
423_turn_002,see_mean (i see what you mean)
423_turn_003,cool3 (cool)
423_turn_004,travel_trips (i'd love to hear about one of your trips)
423_turn_005,awesome (awesome)
423_turn_006,mind (whatever comes to your mind)
423_turn_007,nice (nice)
423_turn_008,aw (aw)
423_turn_009,change_directions (what made you decide to do that)
423_turn_010,mhm (mhm)
423_turn_011,dream_job (what's your dream job)
423_turn_012,tell_about_that (can you tell me about that)
423_turn_013,awesome (awesome)
423_turn_014,okay_confirm (okay)
423_turn_015,thats_good (that's good)
423_turn_016,landed_trouble (has that gotten you in trouble)
423_turn_017,wild_laughter5 ((laughter))
423_turn_018,isee_downer (i see)
423_turn_019,hard_decisionB (tell me about the hardest decision you've ever had to make)
423_turn_020,mind (whatever comes to your mind)
423_turn_021,tell_about_that (can you tell me about that)
423_turn_022,been_hard (that sounds really hard)
423_turn_023,memory_erase (tell me about an event or something that you wish you could erase from your memory)
423_turn_024,yes (yes)
423_turn_025,describe_felt (how did you feel in that moment)
423_turn_026,why2 (why)
423_turn_027,yeah_downer (yeah)
423_turn_028,sorry_hear (i'm sorry to hear that)
423_turn_029,family_roleB (how close are you to your family)
423_turn_030,okay_confirm (okay)
423_turn_031,thats_great (that's great)
423_turn_032,feel_lately (how have you been feeling lately)
423_turn_033,behavior_changes (have you noticed any changes in your behavior or thoughts lately)
423_turn_034,symptoms_cope (how do you cope with them)
423_turn_035,ptsd_diagnosed (have you ever been diagnosed with p_t_s_d)
423_turn_036,when_diagnosed (how long ago were you diagnosed)
423_turn_037,why_seek_help (what got you to seek help)
423_turn_038,tell_about_that (can you tell me about that)
423_turn_039,describe_felt (how did you feel in that moment)
423_turn_040,depression_diagnosed (have you been diagnosed with depression)
423_turn_041,therapy_going (do you still go to therapy now)
423_turn_042,stop_going (why did you stop)
423_turn_043,been_hard (that sounds really hard)
423_turn_044,Ellie17Dec2012_10 (tell me about something you did recently that you really enjoyed)
423_turn_045,okay_confirm (okay)
423_turn_046,Ellie17Dec2012_07 (what would you say are some of your best qualities)
423_turn_047,self_change (what are some things you wish you could change about yourself)
423_turn_048,regret (is there anything you regret)
423_turn_049,advice_back (what advice would you give to yourself ten or twenty years ago)
423_turn_050,mhm (mhm)
423_turn_051,asked_everything (okay i think i have asked everything i need to)
425_turn_000,why2 (why)
425_turn_001,sorry_hear (i'm sorry to hear that)
425_turn_002,living_situation (how do you like your living situation)
425_turn_003,understand (i understand)
425_turn_004,long_time (that's a long time)
425_turn_005,adapted_LA (how easy was it for you to get used to living in l_a)
425_turn_006,thats_good (that's good)
425_turn_007,dont_like_LA (what are some things you don't really like about l_a)
425_turn_008,wild_laughter5 ((laughter))
425_turn_009,yeah_downer (yeah)
425_turn_010,travel_trips (i'd love to hear about one of your trips)
425_turn_011,wow (wow)
425_turn_012,hard_decision (how did you decide to do that)
425_turn_013,memorableB (what's one of your most memorable experiences)
425_turn_014,awesome (awesome)
425_turn_015,dream_job (what's your dream job)
425_turn_016,difficult (how hard is that)
425_turn_017,thats_good (that's good)
425_turn_018,okay_confirm (okay)
425_turn_019,okay_confirm (okay)
425_turn_020,yeah_downer (yeah)
425_turn_021,describe_felt (how did you feel in that moment)
425_turn_022,hmm_downer (hmm)
425_turn_023,mhm (mhm)
425_turn_024,sorry_hear (i'm sorry to hear that)
425_turn_025,isee_downer (i see)
425_turn_026,oh_no (oh no)
425_turn_027,feel_lately (how have you been feeling lately)
425_turn_028,ptsd_diagnosed (have you ever been diagnosed with p_t_s_d)
425_turn_029,depression_diagnosed (have you been diagnosed with depression)
425_turn_030,when_diagnosed (how long ago were you diagnosed)
425_turn_031,why_seek_help (what got you to seek help)
425_turn_032,therapy_going (do you still go to therapy now)
425_turn_033,stop_going (why did you stop)
425_turn_034,therapy_useful (do you feel like therapy is useful)
425_turn_035,therapy_changes (what sort of changes have you noticed since you've been going to therapy)
425_turn_036,happy_lasttime (tell me about the last time you felt really happy)
425_turn_037,great_situation (that sounds like a great situation)
425_turn_038,mhm (mhm)
425_turn_039,uh_huh (uh huh)
425_turn_040,advice_back (what advice would you give to yourself ten or twenty years ago)
425_turn_041,mhm (mhm)
425_turn_042,thats_great (that's great)
426_turn_000,mhm (mhm)
426_turn_001,dont_like_LA (what are some things you don't really like about l_a)
426_turn_002,yeah_downer (yeah)
426_turn_003,okay_confirm (okay)
426_turn_004,happy_didthat (are you happy you did that)
426_turn_005,nice (nice)
426_turn_006,yeah3 (yeah)
426_turn_007,why2 (why)
426_turn_008,uh_huh (uh huh)
426_turn_009,thats_good (that's good)
426_turn_010,landed_trouble (has that gotten you in trouble)
426_turn_011,okay_confirm (okay)
426_turn_012,mm (mm)
426_turn_013,describe_felt (how did you feel in that moment)
426_turn_014,yeah3 (yeah)
426_turn_015,memory_erase (tell me about an event or something that you wish you could erase from your memory)
426_turn_016,yeah_downer (yeah)
426_turn_017,downer (okay)
426_turn_018,Ellie17Dec2012_04 (that's great)
426_turn_019,tell_about_that (can you tell me about that)
426_turn_020,yeah3 (yeah)
426_turn_021,why2 (why)
426_turn_022,mhm (mhm)
426_turn_023,feel_lately (how have you been feeling lately)
426_turn_024,tell_about_that (can you tell me about that)
426_turn_025,im_sorry (i'm sorry)
426_turn_026,when_diagnosed (how long ago were you diagnosed)
426_turn_027,why_seek_help (what got you to seek help)
426_turn_028,happy_didthat (are you happy you did that)
426_turn_029,therapy_useful (do you feel like therapy is useful)
426_turn_030,therapy_changes (what sort of changes have you noticed since you've been going to therapy)
426_turn_031,give_example (can you give me an example of that)
426_turn_032,mhm (mhm)
426_turn_033,BF_describe (how would your best friend describe you)
426_turn_034,self_change (what are some things you wish you could change about yourself)
426_turn_035,advice_back (what advice would you give to yourself ten or twenty years ago)
426_turn_036,Ellie17Dec2012_09 (what are some things that usually put you in a good mood)
426_turn_037,Ellie17Dec2012_10 (tell me about something you did recently that you really enjoyed)
426_turn_038,uh_huh (uh huh)
426_turn_039,Ellie17Dec2012_08 (what are you most proud of in your life)
426_turn_040,mhm (mhm)
427_turn_000,great_thanks (i'm great thanks)
427_turn_001,really (really)
427_turn_002,often_backB (how often do you go back to your hometown)
427_turn_003,compares_LA (how does it compare to l_a)
427_turn_004,adapted_LA (how easy was it for you to get used to living in l_a)
427_turn_005,thats_good (that's good)
427_turn_006,mhm (mhm)
427_turn_007,see_mean (i see what you mean)
427_turn_008,travel_changed (what do you enjoy about traveling)
427_turn_009,uh_huh (uh huh)
427_turn_010,memorableB (what's one of your most memorable experiences)
427_turn_011,yeah3 (yeah)
427_turn_012,nice (nice)
427_turn_013,control_temper (how are you at controlling your temper)
427_turn_014,last_argument (when was the last time you argued with someone and what was it about)
427_turn_015,tell_about_that (can you tell me about that)
427_turn_016,okay_confirm (okay)
427_turn_017,avoid (could you have done anything to avoid it)
427_turn_018,okay_confirm (okay)
427_turn_019,give_example (can you give me an example of that)
427_turn_020,mm (mm)
427_turn_021,family_relationship (tell me about your relationship with your family)
427_turn_022,okay_confirm (okay)
427_turn_023,study (what did you study at school)
427_turn_024,cool3 (cool)
427_turn_025,hard_decision (how did you decide to do that)
427_turn_026,happy_didthat (are you happy you did that)
427_turn_027,dream_job (what's your dream job)
427_turn_028,awesome (awesome)
427_turn_029,yes (yes)
427_turn_030,okay_confirm (okay)
427_turn_031,thats_good (that's good)
427_turn_032,mhm (mhm)
427_turn_033,feel_lately (how have you been feeling lately)
427_turn_034,thats_good (that's good)
427_turn_035,depression_diagnosed (have you been diagnosed with depression)
427_turn_036,happy_lasttime (tell me about the last time you felt really happy)
427_turn_037,awesome (awesome)
427_turn_038,Ellie17Dec2012_07 (what would you say are some of your best qualities)
427_turn_039,okay_confirm (okay)
427_turn_040,mm (mm)
427_turn_041,okay_confirm (okay)
427_turn_042,that_sucks (that sucks)
427_turn_043,regret (is there anything you regret)
427_turn_044,how_know (how do you know them)
427_turn_045,awB (aw)
427_turn_046,understand (i understand)
427_turn_047,mhm (mhm)
427_turn_048,okay_confirm (okay)
427_turn_049,asked_everything (okay i think i have asked everything i need to)
428_turn_000,okay_confirm (okay)
428_turn_001,great_thanks (i'm great thanks)
428_turn_002,really (really)
428_turn_003,mhm (mhm)
428_turn_004,thats_good (that's good)
428_turn_005,cool3 (cool)
428_turn_006,hard_decision (how did you decide to do that)
428_turn_007,dream_job (what's your dream job)
428_turn_008,okay_confirm (okay)
428_turn_009,why2 (why)
428_turn_010,see_mean (i see what you mean)
428_turn_011,why2 (why)
428_turn_012,tell_about_that (can you tell me about that)
428_turn_013,yeah3 (yeah)
428_turn_014,mhm (mhm)
428_turn_015,describe_felt (how did you feel in that moment)
428_turn_016,landed_trouble (has that gotten you in trouble)
428_turn_017,okay_confirm (okay)
428_turn_018,yeah3 (yeah)
428_turn_019,situation_handled (tell me about a situation that you wish you had handled differently)
428_turn_020,okay_confirm (okay)
428_turn_021,like_what (like what)
428_turn_022,give_example (can you give me an example of that)
428_turn_023,oh_no (oh no)
428_turn_024,change_directions (what made you decide to do that)
428_turn_025,makes_sense (that makes sense)
428_turn_026,thats_good (that's good)
428_turn_027,influence_positive (who's someone that's been a positive influence in your life)
428_turn_028,tell_about_that (can you tell me about that)
428_turn_029,yeah3 (yeah)
428_turn_030,good_hear (that's so good to hear)
428_turn_031,sleep_affects (what are you like when you don't sleep well)
428_turn_032,okay_confirm (okay)
428_turn_033,behavior_changes (have you noticed any changes in your behavior or thoughts lately)
428_turn_034,tell_about_that (can you tell me about that)
428_turn_035,thats_great (that's great)
428_turn_036,ptsd_diagnosed (have you ever been diagnosed with p_t_s_d)
428_turn_037,depression_diagnosed (have you been diagnosed with depression)
428_turn_038,feel_down (do you feel down)
428_turn_039,happy_lasttime (tell me about the last time you felt really happy)
428_turn_040,awesome (awesome)
428_turn_041,mhm (mhm)
428_turn_042,self_change (what are some things you wish you could change about yourself)
428_turn_043,okay_confirm (okay)
428_turn_044,feelbadly (tell me about a time when someone made you feel really badly about yourself)
428_turn_045,Ellie17Dec2012_07 (what would you say are some of your best qualities)
428_turn_046,okay_confirm (okay)
428_turn_047,nice (nice)
428_turn_048,Ellie17Dec2012_10 (tell me about something you did recently that you really enjoyed)
428_turn_049,thats_great (that's great)
428_turn_050,yeah_downer (yeah)
428_turn_051,like_what (like what)
428_turn_052,wild_laughter3 ((laughter))
428_turn_053,bye (goodbye)
428_turn_054,yeah3 (yeah)
429_turn_000,when_LA (when did you move to l_a)
429_turn_001,long_time (that's a long time)
429_turn_002,mhm (mhm)
429_turn_003,why_LA (why did you move to l_a)
429_turn_004,nice (nice)
429_turn_005,tell_about_that (can you tell me about that)
429_turn_006,see_mean (i see what you mean)
429_turn_007,dont_like_LA (what are some things you don't really like about l_a)
429_turn_008,understand (i understand)
429_turn_009,why2 (why)
429_turn_010,okay_confirm (okay)
429_turn_011,hard_decision (how did you decide to do that)
429_turn_012,why2 (why)
429_turn_013,happy_didthat (are you happy you did that)
429_turn_014,thats_good (that's good)
429_turn_015,difficult (how hard is that)
429_turn_016,wow (wow)
429_turn_017,shyoutgoing (do you consider yourself more shy or outgoing)
429_turn_018,makes_sense (that makes sense)
429_turn_019,nice (nice)
429_turn_020,cool3 (cool)
429_turn_021,what_do_when_annoyed (what do you do when you are annoyed)
429_turn_022,control_temper (how are you at controlling your temper)
429_turn_023,thats_good (that's good)
429_turn_024,mm (mm)
429_turn_025,wild_laughter3 ((laughter))
429_turn_026,oh_no (oh no)
429_turn_027,landed_trouble (has that gotten you in trouble)
429_turn_028,that_sucks (that sucks)
429_turn_029,like_what (like what)
429_turn_030,isee_downer (i see)
429_turn_031,yeah2 (yeah)
429_turn_032,okay_confirm (okay)
429_turn_033,tell_about_that (can you tell me about that)
429_turn_034,good_hear (that's so good to hear)
429_turn_035,yeah_downer (yeah)
429_turn_036,isee_downer (i see)
429_turn_037,okay_confirm (okay)
429_turn_038,hmm_downer (hmm)
429_turn_039,sorry_hear (i'm sorry to hear that)
429_turn_040,influence_positive (who's someone that's been a positive influence in your life)
429_turn_041,thats_great (that's great)
429_turn_042,nice (nice)
429_turn_043,sleep_affects (what are you like when you don't sleep well)
429_turn_044,yeah3 (yeah)
429_turn_045,wild_laughter5 ((laughter))
429_turn_046,behavior_changes (have you noticed any changes in your behavior or thoughts lately)
429_turn_047,mhm (mhm)
429_turn_048,ptsd_diagnosed (have you ever been diagnosed with p_t_s_d)
429_turn_049,okay_confirm (okay)
429_turn_050,happy_lasttime (tell me about the last time you felt really happy)
429_turn_051,great_situation (that sounds like a great situation)
429_turn_052,yeah3 (yeah)
429_turn_053,ideal_weekendC (tell me how you spend your ideal weekend)
429_turn_054,okay_confirm (okay)
429_turn_055,mhm (mhm)
429_turn_056,Ellie17Dec2012_07 (what would you say are some of your best qualities)
429_turn_057,Ellie17Dec2012_08 (what are you most proud of in your life)
429_turn_058,thats_great (that's great)
429_turn_059,mind (whatever comes to your mind)
429_turn_060,okay_confirm (okay)
429_turn_061,asked_everything (okay i think i have asked everything i need to)
429_turn_062,appreciate_open (thanks for sharing your thoughts with me)
430_turn_000,thats_good (that's good)
430_turn_001,really (really)
430_turn_002,mhm (mhm)
430_turn_003,see_mean (i see what you mean)
430_turn_004,travel_changed (what do you enjoy about traveling)
430_turn_005,mhm (mhm)
430_turn_006,wild_laughter3 ((laughter))
430_turn_007,okay_confirm (okay)
430_turn_008,relax_fishtank (sometimes when i'm feeling tense i turn on the fish tank screensaver hey i know it's not hawaii but it's the best i've got what do you do to relax)
430_turn_009,okay_confirm (okay)
430_turn_010,last_argument (when was the last time you argued with someone and what was it about)
430_turn_011,how_know (how do you know them)
430_turn_012,thats_good (that's good)
430_turn_013,good_hear (that's so good to hear)
430_turn_014,hard_decisionB (tell me about the hardest decision you've ever had to make)
430_turn_015,change_directions (what made you decide to do that)
430_turn_016,yeah_downer (yeah)
430_turn_017,feelguilty (what's something you feel guilty about)
430_turn_018,okay_confirm (okay)
430_turn_019,influence_positive (who's someone that's been a positive influence in your life)
430_turn_020,tell_about_that (can you tell me about that)
430_turn_021,thats_great (that's great)
430_turn_022,mm (mm)
430_turn_023,yeah3 (yeah)
430_turn_024,okay_confirm (okay)
430_turn_025,depression_diagnosed (have you been diagnosed with depression)
430_turn_026,when_diagnosed (how long ago were you diagnosed)
430_turn_027,why_seek_help (what got you to seek help)
430_turn_028,symptoms_what (what were your symptoms)
430_turn_029,hmm_downer (hmm)
430_turn_030,therapy_useful (do you feel like therapy is useful)
430_turn_031,therapist_useful (is going to a therapist helping you)
430_turn_032,therapy_changes (what sort of changes have you noticed since you've been going to therapy)
430_turn_033,difficult (how hard is that)
430_turn_034,happy_lasttime (tell me about the last time you felt really happy)
430_turn_035,tell_about_that (can you tell me about that)
430_turn_036,understand (i understand)
430_turn_037,wild_laughter3 ((laughter))
430_turn_038,self_change (what are some things you wish you could change about yourself)
430_turn_039,regret (is there anything you regret)
430_turn_040,okay_confirm (okay)
430_turn_041,okay_confirm (okay)
430_turn_042,aw (aw)
430_turn_043,wow (wow)
430_turn_044,great_situation (that sounds like a great situation)
430_turn_045,yeah3 (yeah)
430_turn_046,appreciate_open (thanks for sharing your thoughts with me)
430_turn_047,wild_laughter5 ((laughter))
433_turn_000,really (really)
433_turn_001,mhm (mhm)
433_turn_002,see_mean (i see what you mean)
433_turn_003,why2 (why)
433_turn_004,understand (i understand)
433_turn_005,cool3 (cool)
433_turn_006,happy_didthat (are you happy you did that)
433_turn_007,good_hear (that's so good to hear)
433_turn_008,okay_confirm (okay)
433_turn_009,why2 (why)
433_turn_010,uh_huh (uh huh)
433_turn_011,like_what (like what)
433_turn_012,nice (nice)
433_turn_013,thats_good (that's good)
433_turn_014,describe_felt (how did you feel in that moment)
433_turn_015,see_mean (i see what you mean)
433_turn_016,feelguilty (what's something you feel guilty about)
433_turn_017,give_example (can you give me an example of that)
433_turn_018,okay_confirm (okay)
433_turn_019,tell_about_that (can you tell me about that)
433_turn_020,change_directions (what made you decide to do that)
433_turn_021,aw (aw)
433_turn_022,tell_about_that (can you tell me about that)
433_turn_023,Ellie17Dec2012_06 (wow)
433_turn_024,yeah_downer (yeah)
433_turn_025,sleep_affects (what are you like when you don't sleep well)
433_turn_026,mhm (mhm)
433_turn_027,thats_good (that's good)
433_turn_028,okay_confirm (okay)
433_turn_029,depression_diagnosed (have you been diagnosed with depression)
433_turn_030,happy_lasttime (tell me about the last time you felt really happy)
433_turn_031,family_relationship (tell me about your relationship with your family)
433_turn_032,thats_great (that's great)
433_turn_033,tell_about_that (can you tell me about that)
433_turn_034,mhm (mhm)
433_turn_035,mm (mm)
433_turn_036,right2 (right)
433_turn_037,like_what (like what)
433_turn_038,that_sucks (that sucks)
433_turn_039,okay_confirm (okay)
433_turn_040,mhm (mhm)
433_turn_041,give_example (can you give me an example of that)
433_turn_042,yeah_downer (yeah)
433_turn_043,tell_about_that (can you tell me about that)
433_turn_044,isee_downer (i see)
433_turn_045,Ellie17Dec2012_10 (tell me about something you did recently that you really enjoyed)
433_turn_046,thats_great (that's great)
433_turn_047,asked_everything (okay i think i have asked everything i need to)
434_turn_000,thats_good (that's good)
434_turn_001,really (really)
434_turn_002,why2 (why)
434_turn_003,mhm (mhm)
434_turn_004,im_sorry (i'm sorry)
434_turn_005,adapted_LA (how easy was it for you to get used to living in l_a)
434_turn_006,okay_confirm (okay)
434_turn_007,wild_laughter3 ((laughter))
434_turn_008,yeah3 (yeah)
434_turn_009,understand (i understand)
434_turn_010,yeah3 (yeah)
434_turn_011,cool3 (cool)
434_turn_012,still_working_on_X (are you still working in that)
434_turn_013,difficult (how hard is that)
434_turn_014,mm (mm)
434_turn_015,cool3 (cool)
434_turn_016,uh_huh (uh huh)
434_turn_017,wild_laughter3 ((laughter))
434_turn_018,nice (nice)
434_turn_019,yeah3 (yeah)
434_turn_020,hmm_downer (hmm)
434_turn_021,mm (mm)
434_turn_022,good_hear (that's so good to hear)
434_turn_023,yeah_downer (yeah)
434_turn_024,okay_confirm (okay)
434_turn_025,describe_felt (how did you feel in that moment)
434_turn_026,like_what (like what)
434_turn_027,yeah_downer (yeah)
434_turn_028,sleep_affects (what are you like when you don't sleep well)
434_turn_029,see_mean (i see what you mean)
434_turn_030,thats_good (that's good)
434_turn_031,okay_confirm (okay)
434_turn_032,depression_diagnosed (have you been diagnosed with depression)
434_turn_033,happy_lasttime (tell me about the last time you felt really happy)
434_turn_034,awesome (awesome)
434_turn_035,BF_describe (how would your best friend describe you)
434_turn_036,why2 (why)
434_turn_037,wow (wow)
434_turn_038,self_change (what are some things you wish you could change about yourself)
434_turn_039,okay_confirm (okay)
434_turn_040,yeah3 (yeah)
434_turn_041,thats_great (that's great)
434_turn_042,bye (goodbye)
437_turn_000,thats_good (that's good)
437_turn_001,really (really)
437_turn_002,mhm (mhm)
437_turn_003,dont_like_LA (what are some things you don't really like about l_a)
437_turn_004,see_mean (i see what you mean)
437_turn_005,travel_trips (i'd love to hear about one of your trips)
437_turn_006,nice (nice)
437_turn_007,wow (wow)
437_turn_008,tell_about_that (can you tell me about that)
437_turn_009,good_hear (that's so good to hear)
437_turn_010,like_what (like what)
437_turn_011,mhm (mhm)
437_turn_012,relax_fishtank (sometimes when i'm feeling tense i turn on the fish tank screensaver hey i know it's not hawaii but it's the best i've got what do you do to relax)
437_turn_013,okay_confirm (okay)
437_turn_014,thats_good (that's good)
437_turn_015,describe_felt (how did you feel in that moment)
437_turn_016,mhm (mhm)
437_turn_017,okay_confirm (okay)
437_turn_018,hard_decisionB (tell me about the hardest decision you've ever had to make)
437_turn_019,change_directions (what made you decide to do that)
437_turn_020,happy_didthat (are you happy you did that)
437_turn_021,thats_great (that's great)
437_turn_022,why2 (why)
437_turn_023,okay_confirm (okay)
437_turn_024,change_directions (what made you decide to do that)
437_turn_025,still_working_on_X (are you still working in that)
437_turn_026,okay_confirm (okay)
437_turn_027,mhm (mhm)
437_turn_028,okay_confirm (okay)
437_turn_029,sleep_affects (what are you like when you don't sleep well)
437_turn_030,feel_lately (how have you been feeling lately)
437_turn_031,behavior_changes (have you noticed any changes in your behavior or thoughts lately)
437_turn_032,depression_diagnosed (have you been diagnosed with depression)
437_turn_033,happy_lasttime (tell me about the last time you felt really happy)
437_turn_034,tell_about_that (can you tell me about that)
437_turn_035,wild_laughter3 ((laughter))
437_turn_036,BF_describe (how would your best friend describe you)
437_turn_037,self_change (what are some things you wish you could change about yourself)
437_turn_038,mhm (mhm)
437_turn_039,oh_no (oh no)
437_turn_040,okay_confirm (okay)
437_turn_041,advice_back (what advice would you give to yourself ten or twenty years ago)
437_turn_042,Ellie17Dec2012_07 (what would you say are some of your best qualities)
437_turn_043,uh_huh (uh huh)
437_turn_044,nice (nice)
437_turn_045,mhm (mhm)
437_turn_046,good_hear (that's so good to hear)
437_turn_047,asked_everything (okay i think i have asked everything i need to)
437_turn_048,bye (goodbye)
441_turn_000,thats_good (that's good)
441_turn_001,really (really)
441_turn_002,mhm (mhm)
441_turn_003,see_mean (i see what you mean)
441_turn_004,travel_trips (i'd love to hear about one of your trips)
441_turn_005,nice (nice)
441_turn_006,describe_felt (how did you feel in that moment)
441_turn_007,easy_parent (do you find it easy to be a parent)
441_turn_008,parent_hardest (what's the hardest thing about being a parent)
441_turn_009,parent_best (what's the best thing about being a parent)
441_turn_010,parent_differences (what are some ways that you're different as a parent than your parents)
441_turn_011,difficult (how hard is that)
441_turn_012,yeah_downer (yeah)
441_turn_013,relax_fishtank (sometimes when i'm feeling tense i turn on the fish tank screensaver hey i know it's not hawaii but it's the best i've got what do you do to relax)
441_turn_014,cool3 (cool)
441_turn_015,tell_about_that (can you tell me about that)
441_turn_016,landed_trouble (has that gotten you in trouble)
441_turn_017,okay_confirm (okay)
441_turn_018,give_example (can you give me an example of that)
441_turn_019,situation_handled (tell me about a situation that you wish you had handled differently)
441_turn_020,sorry_hear (i'm sorry to hear that)
441_turn_021,tell_about_that (can you tell me about that)
441_turn_022,symptoms_cope (how do you cope with them)
441_turn_023,difficult (how hard is that)
441_turn_024,yeah3 (yeah)
441_turn_025,tell_about_that (can you tell me about that)
441_turn_026,isee_downer (i see)
441_turn_027,very_young (you were very young weren't you)
441_turn_028,combat (did you ever see combat)
441_turn_029,isee_downer (i see)
441_turn_030,after (what did you do after the military)
441_turn_031,hard_decision (how did you decide to do that)
441_turn_032,happy_didthat (are you happy you did that)
441_turn_033,yeah_downer (yeah)
441_turn_034,still_working_on_X (are you still working in that)
441_turn_035,okay_confirm (okay)
441_turn_036,when_diagnosed (how long ago were you diagnosed)
441_turn_037,why_seek_help (what got you to seek help)
441_turn_038,trigger (are they triggered by something)
441_turn_039,easy_sleep (how easy is it for you to get a good night's sleep)
441_turn_040,sleep_affects (what are you like when you don't sleep well)
441_turn_041,feel_lately (how have you been feeling lately)
441_turn_042,behavior_changes (have you noticed any changes in your behavior or thoughts lately)
441_turn_043,therapy_going (do you still go to therapy now)
441_turn_044,therapy_useful (do you feel like therapy is useful)
441_turn_045,therapy_changes (what sort of changes have you noticed since you've been going to therapy)
441_turn_046,happy_lasttime (tell me about the last time you felt really happy)
441_turn_047,tell_about_that (can you tell me about that)
441_turn_048,Ellie17Dec2012_10 (tell me about something you did recently that you really enjoyed)
441_turn_049,thats_great (that's great)
441_turn_050,mhm (mhm)
441_turn_051,like_what (like what)
441_turn_052,self_change (what are some things you wish you could change about yourself)
441_turn_053,BF_describe (how would your best friend describe you)
441_turn_054,mhm (mhm)
441_turn_055,advice_back (what advice would you give to yourself ten or twenty years ago)
441_turn_056,Ellie17Dec2012_08 (what are you most proud of in your life)
441_turn_057,family_relationship (tell me about your relationship with your family)
441_turn_058,influence_positive (who's someone that's been a positive influence in your life)
441_turn_059,Ellie17Dec2012_07 (what would you say are some of your best qualities)
441_turn_060,good_hear (that's so good to hear)
443_turn_000,often_backB (how often do you go back to your hometown)
443_turn_001,okay_confirm (okay)
443_turn_002,like_about_LA (what are some things you really like about l_a)
443_turn_003,dont_like_LA (what are some things you don't really like about l_a)
443_turn_004,see_mean (i see what you mean)
443_turn_005,why2 (why)
443_turn_006,understand (i understand)
443_turn_007,dream_job (what's your dream job)
443_turn_008,okay_confirm (okay)
443_turn_009,shyoutgoing (do you consider yourself more shy or outgoing)
443_turn_010,why2 (why)
443_turn_011,okay_confirm (okay)
443_turn_012,thats_good (that's good)
443_turn_013,last_argument (when was the last time you argued with someone and what was it about)
443_turn_014,okay_confirm (okay)
443_turn_015,difficult (how hard is that)
443_turn_016,feelguilty (what's something you feel guilty about)
443_turn_017,memory_erase (tell me about an event or something that you wish you could erase from your memory)
443_turn_018,tell_about_that (can you tell me about that)
443_turn_019,hard_decision (how did you decide to do that)
443_turn_020,dream_job (what's your dream job)
443_turn_021,hard_decisionB (tell me about the hardest decision you've ever had to make)
443_turn_022,okay_confirm (okay)
443_turn_023,tell_about_that (can you tell me about that)
443_turn_024,influence_positive (who's someone that's been a positive influence in your life)
443_turn_025,okay_confirm (okay)
443_turn_026,sleep_affects (what are you like when you don't sleep well)
443_turn_027,tell_about_that (can you tell me about that)
443_turn_028,good_job (it can be tough to find a good job these days)
443_turn_029,ptsd_diagnosed (have you ever been diagnosed with p_t_s_d)
443_turn_030,depression_diagnosed (have you been diagnosed with depression)
443_turn_031,happy_lasttime (tell me about the last time you felt really happy)
443_turn_032,sounds_interesting (that sounds interesting)
443_turn_033,okay_confirm (okay)
443_turn_034,cool3 (cool)
443_turn_035,Ellie17Dec2012_07 (what would you say are some of your best qualities)
443_turn_036,self_change (what are some things you wish you could change about yourself)
443_turn_037,feelbadly (tell me about a time when someone made you feel really badly about yourself)
443_turn_038,regret (is there anything you regret)
443_turn_039,give_example (can you give me an example of that)
443_turn_040,advice_back (what advice would you give to yourself ten or twenty years ago)
443_turn_041,mad_makeyou (what are some things that make you really mad)
443_turn_042,why2 (why)
443_turn_043,bouts_symptoms (when was the last time that happened)
444_turn_000,thats_good (that's good)
444_turn_001,where_originally (where are you from originally)
444_turn_002,really (really)
444_turn_003,when_LA (when did you move to l_a)
444_turn_004,often_backB (how often do you go back to your hometown)
444_turn_005,why2 (why)
444_turn_006,cool3 (cool)
444_turn_007,yeah_downer (yeah)
444_turn_008,thats_great (that's great)
444_turn_009,travel_shoes (i'm sure you can tell by my shoes i'm not much of a world explorer do you travel a lot)
444_turn_010,wow (wow)
444_turn_011,travel_trips (i'd love to hear about one of your trips)
444_turn_012,awesome (awesome)
444_turn_013,change_directions (what made you decide to do that)
444_turn_014,happy_didthat (are you happy you did that)
444_turn_015,okay_confirm (okay)
444_turn_016,dream_job (what's your dream job)
444_turn_017,yeah_downer (yeah)
444_turn_018,yeah3 (yeah)
444_turn_019,okay_confirm (okay)
444_turn_020,control_temper (how are you at controlling your temper)
444_turn_021,landed_trouble (has that gotten you in trouble)
444_turn_022,symptoms_cope (how do you cope with them)
444_turn_023,difficult (how hard is that)
444_turn_024,mhm (mhm)
444_turn_025,situation_handled (tell me about a situation that you wish you had handled differently)
444_turn_026,wild_laughter3 ((laughter))
444_turn_027,hard_decisionB (tell me about the hardest decision you've ever had to make)
444_turn_028,aw (aw)
444_turn_029,thats_good (that's good)
444_turn_030,yeah3 (yeah)
444_turn_031,wild_laughter3 ((laughter))
444_turn_032,nice (nice)
444_turn_033,yeah2 (yeah)
444_turn_034,mhm (mhm)
444_turn_035,understand (i understand)
444_turn_036,feel_lately (how have you been feeling lately)
444_turn_037,yeah_downer (yeah)
444_turn_038,thats_good (that's good)
444_turn_039,depression_diagnosed (have you been diagnosed with depression)
444_turn_040,happy_lasttime (tell me about the last time you felt really happy)
444_turn_041,thats_great (that's great)
444_turn_042,uh_huh (uh huh)
444_turn_043,okay_confirm (okay)
444_turn_044,okay_confirm (okay)
444_turn_045,yeah_downer (yeah)
444_turn_046,mhm (mhm)
444_turn_047,good_hear (that's so good to hear)
445_turn_000,really (really)
445_turn_001,dont_like_LA (what are some things you don't really like about l_a)
445_turn_002,see_mean (i see what you mean)
445_turn_003,travel_trips (i'd love to hear about one of your trips)
445_turn_004,awesome (awesome)
445_turn_005,wow (wow)
445_turn_006,study (what did you study at school)
445_turn_007,hard_decision (how did you decide to do that)
445_turn_008,cool3 (cool)
445_turn_009,thats_great (that's great)
445_turn_010,relax_fishtank (sometimes when i'm feeling tense i turn on the fish tank screensaver hey i know it's not hawaii but it's the best i've got what do you do to relax)
445_turn_011,aw (aw)
445_turn_012,last_argument (when was the last time you argued with someone and what was it about)
445_turn_013,that_sucks (that sucks)
445_turn_014,situation_handled (tell me about a situation that you wish you had handled differently)
445_turn_015,mhm (mhm)
445_turn_016,good_hear (that's so good to hear)
445_turn_017,Ellie17Dec2012_06 (wow)
445_turn_018,symptoms_cope (how do you cope with them)
445_turn_019,thats_good (that's good)
445_turn_020,tell_about_that (can you tell me about that)
445_turn_021,understand (i understand)
445_turn_022,trigger (are they triggered by something)
445_turn_023,feel_lately (how have you been feeling lately)
445_turn_024,behavior_changes (have you noticed any changes in your behavior or thoughts lately)
445_turn_025,okay_confirm (okay)
445_turn_026,depression_diagnosed (have you been diagnosed with depression)
445_turn_027,happy_lasttime (tell me about the last time you felt really happy)
445_turn_028,thats_great (that's great)
445_turn_029,BF_describe (how would your best friend describe you)
445_turn_030,self_change (what are some things you wish you could change about yourself)
445_turn_031,feelbadly (tell me about a time when someone made you feel really badly about yourself)
445_turn_032,isee_downer (i see)
445_turn_033,regret (is there anything you regret)
445_turn_034,advice_back (what advice would you give to yourself ten or twenty years ago)
445_turn_035,okay_confirm (okay)
445_turn_036,okay_confirm (okay)
445_turn_037,good_job (it can be tough to find a good job these days)
445_turn_038,Ellie17Dec2012_08 (what are you most proud of in your life)
445_turn_039,asked_everything (okay i think i have asked everything i need to)
446_turn_000,great_thanks (i'm great thanks)
446_turn_001,mhm (mhm)
446_turn_002,see_mean (i see what you mean)
446_turn_003,travel_changed (what do you enjoy about traveling)
446_turn_004,travel_trips (i'd love to hear about one of your trips)
446_turn_005,cool3 (cool)
446_turn_006,great_situation (that sounds like a great situation)
446_turn_007,sounds_interesting (that sounds interesting)
446_turn_008,still_working_on_X (are you still working in that)
446_turn_009,wow (wow)
446_turn_010,why2 (why)
446_turn_011,thats_great (that's great)
446_turn_012,understand (i understand)
446_turn_013,okay_confirm (okay)
446_turn_014,uh_huh (uh huh)
446_turn_015,mhm (mhm)
446_turn_016,describe_felt (how did you feel in that moment)
446_turn_017,yeah_downer (yeah)
446_turn_018,okay_confirm (okay)
446_turn_019,symptoms_cope (how do you cope with them)
446_turn_020,aw (aw)
446_turn_021,parent_differences (what are some ways that you're different as a parent than your parents)
446_turn_022,yeah2 (yeah)
446_turn_023,makes_sense (that makes sense)
446_turn_024,feel_lately (how have you been feeling lately)
446_turn_025,okay_confirm (okay)
446_turn_026,depression_diagnosed (have you been diagnosed with depression)
446_turn_027,happy_lasttime (tell me about the last time you felt really happy)
446_turn_028,thats_great (that's great)
446_turn_029,self_change (what are some things you wish you could change about yourself)
446_turn_030,regret (is there anything you regret)
446_turn_031,mhm (mhm)
446_turn_032,Ellie17Dec2012_08 (what are you most proud of in your life)
446_turn_033,asked_everything (okay i think i have asked everything i need to)
446_turn_034,bye (goodbye)
447_turn_000,okay_confirm (okay)
447_turn_001,thats_good (that's good)
447_turn_002,where_originally (where are you from originally)
447_turn_003,really (really)
447_turn_004,dont_like_LA (what are some things you don't really like about l_a)
447_turn_005,yeah_downer (yeah)
447_turn_006,wow (wow)
447_turn_007,travel_trips (i'd love to hear about one of your trips)
447_turn_008,wild_laughter3 ((laughter))
447_turn_009,nice (nice)
447_turn_010,change_directions (what made you decide to do that)
447_turn_011,dream_job (what's your dream job)
447_turn_012,wild_laughter3 ((laughter))
447_turn_013,shyoutgoing (do you consider yourself more shy or outgoing)
447_turn_014,thats_great (that's great)
447_turn_015,control_temper (how are you at controlling your temper)
447_turn_016,landed_trouble (has that gotten you in trouble)
447_turn_017,okay_confirm (okay)
447_turn_018,situation_handled (tell me about a situation that you wish you had handled differently)
447_turn_019,hard_decisionB (tell me about the hardest decision you've ever had to make)
447_turn_020,okay_confirm (okay)
447_turn_021,tell_about_that (can you tell me about that)
447_turn_022,Ellie17Dec2012_03 (that's good)
447_turn_023,easy_sleep (how easy is it for you to get a good night's sleep)
447_turn_024,sleep_affects (what are you like when you don't sleep well)
447_turn_025,feel_lately (how have you been feeling lately)
447_turn_026,tell_about_that (can you tell me about that)
447_turn_027,yeah_downer (yeah)
447_turn_028,difficult (how hard is that)
447_turn_029,isee_downer (i see)
447_turn_030,depression_diagnosed (have you been diagnosed with depression)
447_turn_031,happy_lasttime (tell me about the last time you felt really happy)
447_turn_032,okay_confirm (okay)
447_turn_033,nice (nice)
447_turn_034,mhm (mhm)
447_turn_035,self_change (what are some things you wish you could change about yourself)
447_turn_036,feelbadly (tell me about a time when someone made you feel really badly about yourself)
447_turn_037,okay_confirm (okay)
447_turn_038,memorableB (what's one of your most memorable experiences)
447_turn_039,oh_no (oh no)
447_turn_040,wild_laughter3 ((laughter))
447_turn_041,great_situation (that sounds like a great situation)
447_turn_042,mind (whatever comes to your mind)
447_turn_043,uh_huh (uh huh)
447_turn_044,okay_confirm (okay)
447_turn_045,thats_great (that's great)
448_turn_000,thats_good (that's good)
448_turn_001,cool3 (cool)
448_turn_002,hard_decision (how did you decide to do that)
448_turn_003,thats_great (that's great)
448_turn_004,understand (i understand)
448_turn_005,Ellie17Dec2012_03 (that's good)
448_turn_006,mhm (mhm)
448_turn_007,awesome (awesome)
448_turn_008,landed_trouble (has that gotten you in trouble)
448_turn_009,tell_about_that (can you tell me about that)
448_turn_010,yeah_downer (yeah)
448_turn_011,yeah_downer (yeah)
448_turn_012,uh_huh (uh huh)
448_turn_013,downer (okay)
448_turn_014,good_hear (that's so good to hear)
448_turn_015,hmm1 (hmm)
448_turn_016,behavior_changes (have you noticed any changes in your behavior or thoughts lately)
448_turn_017,symptoms_cope (how do you cope with them)
448_turn_018,ptsd_diagnosed (have you ever been diagnosed with p_t_s_d)
448_turn_019,depression_diagnosed (have you been diagnosed with depression)
448_turn_020,when_diagnosed (how long ago were you diagnosed)
448_turn_021,why_seek_help (what got you to seek help)
448_turn_022,therapy_going (do you still go to therapy now)
448_turn_023,okay_confirm (okay)
448_turn_024,makes_sense (that makes sense)
448_turn_025,wild_laughter3 ((laughter))
448_turn_026,mm (mm)
448_turn_027,okay_confirm (okay)
448_turn_028,advice_back (what advice would you give to yourself ten or twenty years ago)
448_turn_029,Ellie17Dec2012_08 (what are you most proud of in your life)
448_turn_030,asked_everything (okay i think i have asked everything i need to)
449_turn_000,thats_good (that's good)
449_turn_001,really (really)
449_turn_002,mhm (mhm)
449_turn_003,see_mean (i see what you mean)
449_turn_004,nice (nice)
449_turn_005,travel_trips (i'd love to hear about one of your trips)
449_turn_006,makes_sense (that makes sense)
449_turn_007,yeah3 (yeah)
449_turn_008,wild_laughter3 ((laughter))
449_turn_009,dream_job (what's your dream job)
449_turn_010,yeah3 (yeah)
449_turn_011,mhm (mhm)
449_turn_012,last_argument (when was the last time you argued with someone and what was it about)
449_turn_013,describe_felt (how did you feel in that moment)
449_turn_014,mm (mm)
449_turn_015,uh_huh (uh huh)
449_turn_016,thats_good (that's good)
449_turn_017,yeah_downer (yeah)
449_turn_018,parent_differences (what are some ways that you're different as a parent than your parents)
449_turn_019,hard_decisionB (tell me about the hardest decision you've ever had to make)
449_turn_020,change_directions (what made you decide to do that)
449_turn_021,downer (okay)
449_turn_022,thats_good (that's good)
449_turn_023,okay_confirm (okay)
449_turn_024,depression_diagnosed (have you been diagnosed with depression)
449_turn_025,happy_lasttime (tell me about the last time you felt really happy)
449_turn_026,aw (aw)
449_turn_027,mhm (mhm)
449_turn_028,uh_huh (uh huh)
449_turn_029,understand (i understand)
449_turn_030,Ellie17Dec2012_08 (what are you most proud of in your life)
449_turn_031,yeah3 (yeah)
449_turn_032,appreciate_open (thanks for sharing your thoughts with me)
454_turn_000,great_thanks (i'm great thanks)
454_turn_001,often_backB (how often do you go back to your hometown)
454_turn_002,thats_good (that's good)
454_turn_003,why_LA (why did you move to l_a)
454_turn_004,like_about_LA (what are some things you really like about l_a)
454_turn_005,tell_about_that (can you tell me about that)
454_turn_006,yeah3 (yeah)
454_turn_007,travel_trips (i'd love to hear about one of your trips)
454_turn_008,mind (whatever comes to your mind)
454_turn_009,nice (nice)
454_turn_010,mhm (mhm)
454_turn_011,cool3 (cool)
454_turn_012,aw (aw)
454_turn_013,wow (wow)
454_turn_014,parent_hardest (what's the hardest thing about being a parent)
454_turn_015,parent_best (what's the best thing about being a parent)
454_turn_016,parent_differences (what are some ways that you're different as a parent than your parents)
454_turn_017,mhm (mhm)
454_turn_018,sounds_interesting (that sounds interesting)
454_turn_019,tell_about_that (can you tell me about that)
454_turn_020,like_what (like what)
454_turn_021,difficult (how hard is that)
454_turn_022,yeah_downer (yeah)
454_turn_023,relax_fishtank (sometimes when i'm feeling tense i turn on the fish tank screensaver hey i know it's not hawaii but it's the best i've got what do you do to relax)
454_turn_024,nice (nice)
454_turn_025,tell_about_that (can you tell me about that)
454_turn_026,describe_felt (how did you feel in that moment)
454_turn_027,elaborate (could you say a little more about that)
454_turn_028,okay_confirm (okay)
454_turn_029,sorry_hear (i'm sorry to hear that)
454_turn_030,change_directions (what made you decide to do that)
454_turn_031,yeah_downer (yeah)
454_turn_032,elaborate (could you say a little more about that)
454_turn_033,Ellie17Dec2012_06 (wow)
454_turn_034,family_roleB (how close are you to your family)
454_turn_035,tell_about_that (can you tell me about that)
454_turn_036,mhm (mhm)
454_turn_037,feel_lately (how have you been feeling lately)
454_turn_038,behavior_changes (have you noticed any changes in your behavior or thoughts lately)
454_turn_039,okay_confirm (okay)
454_turn_040,depression_diagnosed (have you been diagnosed with depression)
454_turn_041,happy_lasttime (tell me about the last time you felt really happy)
454_turn_042,thats_great (that's great)
454_turn_043,self_change (what are some things you wish you could change about yourself)
454_turn_044,landed_trouble (has that gotten you in trouble)
454_turn_045,okay_confirm (okay)
454_turn_046,bouts_symptoms (when was the last time that happened)
454_turn_047,describe_felt (how did you feel in that moment)
454_turn_048,understand (i understand)
454_turn_049,okay_confirm (okay)
454_turn_050,mind (whatever comes to your mind)
454_turn_051,advice_back (what advice would you give to yourself ten or twenty years ago)
454_turn_052,mind (whatever comes to your mind)
454_turn_053,mhm (mhm)
454_turn_054,awesome (awesome)
454_turn_055,okay_confirm (okay)
455_turn_000,often_backB (how often do you go back to your hometown)
455_turn_001,why2 (why)
455_turn_002,isee_downer (i see)
455_turn_003,mhm (mhm)
455_turn_004,thats_good (that's good)
455_turn_005,uh_huh (uh huh)
455_turn_006,good_hear (that's so good to hear)
455_turn_007,travel_trips (i'd love to hear about one of your trips)
455_turn_008,mind (whatever comes to your mind)
455_turn_009,memorableB (what's one of your most memorable experiences)
455_turn_010,nice (nice)
455_turn_011,wild_laughter3 ((laughter))
455_turn_012,hard_decision (how did you decide to do that)
455_turn_013,see_mean (i see what you mean)
455_turn_014,mm (mm)
455_turn_015,relax_fishtank (sometimes when i'm feeling tense i turn on the fish tank screensaver hey i know it's not hawaii but it's the best i've got what do you do to relax)
455_turn_016,thats_great (that's great)
455_turn_017,last_argument (when was the last time you argued with someone and what was it about)
455_turn_018,okay_confirm (okay)
455_turn_019,mhm (mhm)
455_turn_020,okay_confirm (okay)
455_turn_021,understand (i understand)
455_turn_022,thats_good (that's good)
455_turn_023,behavior_changes (have you noticed any changes in your behavior or thoughts lately)
455_turn_024,mhm (mhm)
455_turn_025,depression_diagnosed (have you been diagnosed with depression)
455_turn_026,happy_lasttime (tell me about the last time you felt really happy)
455_turn_027,BF_describe (how would your best friend describe you)
455_turn_028,uh_huh (uh huh)
455_turn_029,okay_confirm (okay)
455_turn_030,mhm (mhm)
455_turn_031,cool3 (cool)
455_turn_032,asked_everything (okay i think i have asked everything i need to)
456_turn_000,thats_good (that's good)
456_turn_001,really (really)
456_turn_002,often_backB (how often do you go back to your hometown)
456_turn_003,compares_LA (how does it compare to l_a)
456_turn_004,why_LA (why did you move to l_a)
456_turn_005,adapted_LA (how easy was it for you to get used to living in l_a)
456_turn_006,mhm (mhm)
456_turn_007,yeah3 (yeah)
456_turn_008,see_mean (i see what you mean)
456_turn_009,cool3 (cool)
456_turn_010,travel_trips (i'd love to hear about one of your trips)
456_turn_011,awesome (awesome)
456_turn_012,yeah3 (yeah)
456_turn_013,describe_felt (how did you feel in that moment)
456_turn_014,great_situation (that sounds like a great situation)
456_turn_015,change_directions (what made you decide to do that)
456_turn_016,dream_job (what's your dream job)
456_turn_017,difficult (how hard is that)
456_turn_018,mm (mm)
456_turn_019,relax_fishtank (sometimes when i'm feeling tense i turn on the fish tank screensaver hey i know it's not hawaii but it's the best i've got what do you do to relax)
456_turn_020,control_temper (how are you at controlling your temper)
456_turn_021,landed_trouble (has that gotten you in trouble)
456_turn_022,okay_confirm (okay)
456_turn_023,okay_confirm (okay)
456_turn_024,avoid (could you have done anything to avoid it)
456_turn_025,see_mean (i see what you mean)
456_turn_026,yeah_downer (yeah)
456_turn_027,understand (i understand)
456_turn_028,okay_confirm (okay)
456_turn_029,good_hear (that's so good to hear)
456_turn_030,easy_sleep (how easy is it for you to get a good night's sleep)
456_turn_031,sleep_affects (what are you like when you don't sleep well)
456_turn_032,feel_lately (how have you been feeling lately)
456_turn_033,behavior_changes (have you noticed any changes in your behavior or thoughts lately)
456_turn_034,tell_about_that (can you tell me about that)
456_turn_035,thats_good (that's good)
456_turn_036,depression_diagnosed (have you been diagnosed with depression)
456_turn_037,happy_lasttime (tell me about the last time you felt really happy)
456_turn_038,aw (aw)
456_turn_039,uh_huh (uh huh)
456_turn_040,feelbadly (tell me about a time when someone made you feel really badly about yourself)
456_turn_041,isee_downer (i see)
456_turn_042,advice_back (what advice would you give to yourself ten or twenty years ago)
456_turn_043,Ellie17Dec2012_07 (what would you say are some of your best qualities)
456_turn_044,mhm (mhm)
456_turn_045,nice (nice)
456_turn_046,asked_everything (okay i think i have asked everything i need to)
457_turn_000,thats_good (that's good)
457_turn_001,really (really)
457_turn_002,often_backB (how often do you go back to your hometown)
457_turn_003,okay_confirm (okay)
457_turn_004,why_LA (why did you move to l_a)
457_turn_005,wild_laughter3 ((laughter))
457_turn_006,wow (wow)
457_turn_007,dont_like_LA (what are some things you don't really like about l_a)
457_turn_008,see_mean (i see what you mean)
457_turn_009,travel_changed (what do you enjoy about traveling)
457_turn_010,travel_trips (i'd love to hear about one of your trips)
457_turn_011,aw (aw)
457_turn_012,wild_laughter3 ((laughter))
457_turn_013,tell_about_that (can you tell me about that)
457_turn_014,thats_great (that's great)
457_turn_015,cool3 (cool)
457_turn_016,last_argument (when was the last time you argued with someone and what was it about)
457_turn_017,describe_felt (how did you feel in that moment)
457_turn_018,been_hard (that sounds really hard)
457_turn_019,okay_confirm (okay)
457_turn_020,uh_oh (uh oh)
457_turn_021,why2 (why)
457_turn_022,wild_laughter3 ((laughter))
457_turn_023,change_directions (what made you decide to do that)
457_turn_024,isee_downer (i see)
457_turn_025,understand (i understand)
457_turn_026,thats_good (that's good)
457_turn_027,tell_about_that (can you tell me about that)
457_turn_028,how_know (how do you know them)
457_turn_029,cool3 (cool)
457_turn_030,sleep_affects (what are you like when you don't sleep well)
457_turn_031,okay_confirm (okay)
457_turn_032,why2 (why)
457_turn_033,behavior_changes (have you noticed any changes in your behavior or thoughts lately)
457_turn_034,okay_confirm (okay)
457_turn_035,depression_diagnosed (have you been diagnosed with depression)
457_turn_036,tell_about_that (can you tell me about that)
457_turn_037,happy_lasttime (tell me about the last time you felt really happy)
457_turn_038,awesome (awesome)
457_turn_039,Ellie17Dec2012_07 (what would you say are some of your best qualities)
457_turn_040,self_change (what are some things you wish you could change about yourself)
457_turn_041,like_what (like what)
457_turn_042,Ellie17Dec2012_08 (what are you most proud of in your life)
457_turn_043,regret (is there anything you regret)
457_turn_044,advice_back (what advice would you give to yourself ten or twenty years ago)
457_turn_045,wild_laughter3 ((laughter))
457_turn_046,asked_everything (okay i think i have asked everything i need to)
459_turn_000,okay_confirm (okay)
459_turn_001,like_about_LA (what are some things you really like about l_a)
459_turn_002,mhm (mhm)
459_turn_003,see_mean (i see what you mean)
459_turn_004,travel_changed (what do you enjoy about traveling)
459_turn_005,travel_trips (i'd love to hear about one of your trips)
459_turn_006,nice (nice)
459_turn_007,describe_felt (how did you feel in that moment)
459_turn_008,change_directions (what made you decide to do that)
459_turn_009,happy_didthat (are you happy you did that)
459_turn_010,okay_confirm (okay)
459_turn_011,tell_about_that (can you tell me about that)
459_turn_012,okay_confirm (okay)
459_turn_013,mhm (mhm)
459_turn_014,difficult (how hard is that)
459_turn_015,tell_about_that (can you tell me about that)
459_turn_016,see_mean (i see what you mean)
459_turn_017,landed_trouble (has that gotten you in trouble)
459_turn_018,change_directions (what made you decide to do that)
459_turn_019,okay_confirm (okay)
459_turn_020,family_relationship (tell me about your relationship with your family)
459_turn_021,describe_felt (how did you feel in that moment)
459_turn_022,why2 (why)
459_turn_023,okay_confirm (okay)
459_turn_024,tell_about_that (can you tell me about that)
459_turn_025,isee_downer (i see)
459_turn_026,thats_great (that's great)
459_turn_027,why2 (why)
459_turn_028,been_hard (that sounds really hard)
459_turn_029,symptoms_cope (how do you cope with them)
459_turn_030,mhm (mhm)
459_turn_031,understand (i understand)
459_turn_032,behavior_changes (have you noticed any changes in your behavior or thoughts lately)
459_turn_033,ptsd_diagnosed (have you ever been diagnosed with p_t_s_d)
459_turn_034,depression_diagnosed (have you been diagnosed with depression)
459_turn_035,when_diagnosed (how long ago were you diagnosed)
459_turn_036,why_seek_help (what got you to seek help)
459_turn_037,therapy_going (do you still go to therapy now)
459_turn_038,stop_going (why did you stop)
459_turn_039,mhm (mhm)
459_turn_040,like_what (like what)
459_turn_041,therapy_useful (do you feel like therapy is useful)
459_turn_042,see_mean (i see what you mean)
459_turn_043,tell_about_that (can you tell me about that)
459_turn_044,aw (aw)
459_turn_045,uh_huh (uh huh)
459_turn_046,feelbadly (tell me about a time when someone made you feel really badly about yourself)
459_turn_047,sorry_hear (i'm sorry to hear that)
459_turn_048,advice_back (what advice would you give to yourself ten or twenty years ago)
459_turn_049,Ellie17Dec2012_10 (tell me about something you did recently that you really enjoyed)
459_turn_050,more (tell me more about that)
459_turn_051,change_directions (what made you decide to do that)
459_turn_052,cool3 (cool)
459_turn_053,okay_confirm (okay)
459_turn_054,mhm (mhm)
459_turn_055,asked_everything (okay i think i have asked everything i need to)
463_turn_000,thats_good (that's good)
463_turn_001,really (really)
463_turn_002,mhm (mhm)
463_turn_003,see_mean (i see what you mean)
463_turn_004,travel_changed (what do you enjoy about traveling)
463_turn_005,travel_trips (i'd love to hear about one of your trips)
463_turn_006,nice (nice)
463_turn_007,thats_great (that's great)
463_turn_008,still_working_on_X (are you still working in that)
463_turn_009,good_hear (that's so good to hear)
463_turn_010,change_directions (what made you decide to do that)
463_turn_011,wow (wow)
463_turn_012,thats_good (that's good)
463_turn_013,family_roleB (how close are you to your family)
463_turn_014,okay_confirm (okay)
463_turn_015,long_time (that's a long time)
463_turn_016,aw (aw)
463_turn_017,relax_fishtank (sometimes when i'm feeling tense i turn on the fish tank screensaver hey i know it's not hawaii but it's the best i've got what do you do to relax)
463_turn_018,control_temper (how are you at controlling your temper)
463_turn_019,thats_good (that's good)
463_turn_020,describe_felt (how did you feel in that moment)
463_turn_021,why2 (why)
463_turn_022,yeah_downer (yeah)
463_turn_023,okay_confirm (okay)
463_turn_024,hard_decision (how did you decide to do that)
463_turn_025,happy_didthat (are you happy you did that)
463_turn_026,makes_sense (that makes sense)
463_turn_027,okay_confirm (okay)
463_turn_028,tell_about_that (can you tell me about that)
463_turn_029,wow (wow)
463_turn_030,understand (i understand)
463_turn_031,behavior_changes (have you noticed any changes in your behavior or thoughts lately)
463_turn_032,okay_confirm (okay)
463_turn_033,depression_diagnosed (have you been diagnosed with depression)
463_turn_034,happy_lasttime (tell me about the last time you felt really happy)
463_turn_035,awesome (awesome)
463_turn_036,self_change (what are some things you wish you could change about yourself)
463_turn_037,why2 (why)
463_turn_038,okay_confirm (okay)
463_turn_039,okay_confirm (okay)
463_turn_040,change_directions (what made you decide to do that)
463_turn_041,okay_confirm (okay)
463_turn_042,Ellie17Dec2012_10 (tell me about something you did recently that you really enjoyed)
463_turn_043,nice (nice)
463_turn_044,thats_great (that's great)
463_turn_045,uh_huh (uh huh)
464_turn_000,thats_good (that's good)
464_turn_001,cool3 (cool)
464_turn_002,thats_great (that's great)
464_turn_003,dont_like_LA (what are some things you don't really like about l_a)
464_turn_004,see_mean (i see what you mean)
464_turn_005,yeah3 (yeah)
464_turn_006,nice (nice)
464_turn_007,makes_sense (that makes sense)
464_turn_008,uh_huh (uh huh)
464_turn_009,awesome (awesome)
464_turn_010,change_directions (what made you decide to do that)
464_turn_011,dream_job (what's your dream job)
464_turn_012,wild_laughter3 ((laughter))
464_turn_013,difficult (how hard is that)
464_turn_014,mm (mm)
464_turn_015,understand (i understand)
464_turn_016,cool3 (cool)
464_turn_017,control_temper (how are you at controlling your temper)
464_turn_018,mm (mm)
464_turn_019,yeah3 (yeah)
464_turn_020,thats_good (that's good)
464_turn_021,mind (whatever comes to your mind)
464_turn_022,okay_confirm (okay)
464_turn_023,mm (mm)
464_turn_024,Ellie17Dec2012_06 (wow)
464_turn_025,yeah_downer (yeah)
464_turn_026,wild_laughter3 ((laughter))
464_turn_027,yeah3 (yeah)
464_turn_028,happy_didthat (are you happy you did that)
464_turn_029,wow (wow)
464_turn_030,wild_laughter3 ((laughter))
464_turn_031,thats_great (that's great)
464_turn_032,mind (whatever comes to your mind)
464_turn_033,like_what (like what)
464_turn_034,like_what (like what)
464_turn_035,okay_confirm (okay)
464_turn_036,depression_diagnosed (have you been diagnosed with depression)
464_turn_037,tell_about_that (can you tell me about that)
464_turn_038,mhm (mhm)
464_turn_039,bouts_symptoms (when was the last time that happened)
464_turn_040,thats_good (that's good)
464_turn_041,awesome (awesome)
464_turn_042,mm (mm)
464_turn_043,feelbadly (tell me about a time when someone made you feel really badly about yourself)
464_turn_044,tell_about_that (can you tell me about that)
464_turn_045,understand (i understand)
464_turn_046,regret (is there anything you regret)
464_turn_047,like_what (like what)
464_turn_048,yeah_downer (yeah)
464_turn_049,uh_huh (uh huh)
464_turn_050,Ellie17Dec2012_08 (what are you most proud of in your life)
464_turn_051,thats_great (that's great)
464_turn_052,appreciate_open (thanks for sharing your thoughts with me)
468_turn_000,okay_confirm (okay)
468_turn_001,thats_good (that's good)
468_turn_002,really (really)
468_turn_003,cool3 (cool)
468_turn_004,see_mean (i see what you mean)
468_turn_005,travel_changed (what do you enjoy about traveling)
468_turn_006,mm (mm)
468_turn_007,nice (nice)
468_turn_008,good_hear (that's so good to hear)
468_turn_009,change_directions (what made you decide to do that)
468_turn_010,happy_didthat (are you happy you did that)
468_turn_011,thats_great (that's great)
468_turn_012,why2 (why)
468_turn_013,okay_confirm (okay)
468_turn_014,last_argument (when was the last time you argued with someone and what was it about)
468_turn_015,wild_laughter3 ((laughter))
468_turn_016,that_sucks (that sucks)
468_turn_017,okay_confirm (okay)
468_turn_018,memory_erase (tell me about an event or something that you wish you could erase from your memory)
468_turn_019,thats_great (that's great)
468_turn_020,mhm (mhm)
468_turn_021,good_hear (that's so good to hear)
468_turn_022,sleep_affects (what are you like when you don't sleep well)
468_turn_023,uh_huh (uh huh)
468_turn_024,awesome (awesome)
468_turn_025,depression_diagnosed (have you been diagnosed with depression)
468_turn_026,happy_lasttime (tell me about the last time you felt really happy)
468_turn_027,aw (aw)
468_turn_028,thats_great (that's great)
468_turn_029,uh_huh (uh huh)
468_turn_030,landed_trouble (has that gotten you in trouble)
468_turn_031,okay_confirm (okay)
468_turn_032,understand (i understand)
468_turn_033,okay_confirm (okay)
468_turn_034,thats_great (that's great)
468_turn_035,regret (is there anything you regret)
468_turn_036,okay_confirm (okay)
468_turn_037,mhm (mhm)
471_turn_000,thats_good (that's good)
471_turn_001,really (really)
471_turn_002,like_what (like what)
471_turn_003,awesome (awesome)
471_turn_004,travel_trips (i'd love to hear about one of your trips)
471_turn_005,yeah2 (yeah)
471_turn_006,yeah3 (yeah)
471_turn_007,nice (nice)
471_turn_008,hard_decision (how did you decide to do that)
471_turn_009,still_working_on_X (are you still working in that)
471_turn_010,happy_didthat (are you happy you did that)
471_turn_011,really (really)
471_turn_012,yeah3 (yeah)
471_turn_013,last_argument (when was the last time you argued with someone and what was it about)
471_turn_014,describe_felt (how did you feel in that moment)
471_turn_015,situation_handled (tell me about a situation that you wish you had handled differently)
471_turn_016,landed_trouble (has that gotten you in trouble)
471_turn_017,makes_sense (that makes sense)
471_turn_018,isee_downer (i see)
471_turn_019,mm (mm)
471_turn_020,im_sorry (i'm sorry)
471_turn_021,been_hard (that sounds really hard)
471_turn_022,understand (i understand)
471_turn_023,feel_lately (how have you been feeling lately)
471_turn_024,behavior_changes (have you noticed any changes in your behavior or thoughts lately)
471_turn_025,depression_diagnosed (have you been diagnosed with depression)
471_turn_026,happy_lasttime (tell me about the last time you felt really happy)
471_turn_027,good_hear (that's so good to hear)
471_turn_028,self_change (what are some things you wish you could change about yourself)
471_turn_029,tell_about_that (can you tell me about that)
471_turn_030,yeah_downer (yeah)
471_turn_031,wow (wow)
471_turn_032,avoid (could you have done anything to avoid it)
471_turn_033,right2 (right)
471_turn_034,Ellie17Dec2012_10 (tell me about something you did recently that you really enjoyed)
471_turn_035,thats_great (that's great)
471_turn_036,asked_everything (okay i think i have asked everything i need to)
473_turn_000,often_backB (how often do you go back to your hometown)
473_turn_001,thats_good (that's good)
473_turn_002,why_LA (why did you move to l_a)
473_turn_003,see_mean (i see what you mean)
473_turn_004,like_about_LA (what are some things you really like about l_a)
473_turn_005,mhm (mhm)
473_turn_006,give_example (can you give me an example of that)
473_turn_007,understand (i understand)
473_turn_008,okay_confirm (okay)
473_turn_009,still_working_on_X (are you still working in that)
473_turn_010,difficult (how hard is that)
473_turn_011,wild_laughter3 ((laughter))
473_turn_012,control_temper (how are you at controlling your temper)
473_turn_013,wow (wow)
473_turn_014,okay_confirm (okay)
473_turn_015,hmm_downer (hmm)
473_turn_016,tell_about_that (can you tell me about that)
473_turn_017,happy_didthat (are you happy you did that)
473_turn_018,thats_great (that's great)
473_turn_019,aw (aw)
473_turn_020,okay_confirm (okay)
473_turn_021,wild_laughter3 ((laughter))
473_turn_022,depression_diagnosed (have you been diagnosed with depression)
473_turn_023,happy_lasttime (tell me about the last time you felt really happy)
473_turn_024,thats_good (that's good)
473_turn_025,wild_laughter3 ((laughter))
473_turn_026,feelbadly (tell me about a time when someone made you feel really badly about yourself)
473_turn_027,regret (is there anything you regret)
473_turn_028,mhm (mhm)
473_turn_029,give_example (can you give me an example of that)
473_turn_030,good_hear (that's so good to hear)
473_turn_031,awesome (awesome)
473_turn_032,see_mean (i see what you mean)
473_turn_033,Ellie17Dec2012_08 (what are you most proud of in your life)
473_turn_034,thats_good (that's good)
474_turn_000,great_thanks (i'm great thanks)
474_turn_001,really (really)
474_turn_002,often_backB (how often do you go back to your hometown)
474_turn_003,mhm (mhm)
474_turn_004,why_LA (why did you move to l_a)
474_turn_005,thats_good (that's good)
474_turn_006,like_about_LA (what are some things you really like about l_a)
474_turn_007,yeah3 (yeah)
474_turn_008,see_mean (i see what you mean)
474_turn_009,okay_confirm (okay)
474_turn_010,travel_changed (what do you enjoy about traveling)
474_turn_011,travel_trips (i'd love to hear about one of your trips)
474_turn_012,nice (nice)
474_turn_013,hard_decision (how did you decide to do that)
474_turn_014,still_working_on_X (are you still working in that)
474_turn_015,cool3 (cool)
474_turn_016,makes_sense (that makes sense)
474_turn_017,why2 (why)
474_turn_018,okay_confirm (okay)
474_turn_019,okay_confirm (okay)
474_turn_020,describe_felt (how did you feel in that moment)
474_turn_021,yeah_downer (yeah)
474_turn_022,yeah_downer (yeah)
474_turn_023,okay_confirm (okay)
474_turn_024,yeah_downer (yeah)
474_turn_025,good_hear (that's so good to hear)
474_turn_026,uh_huh (uh huh)
474_turn_027,tell_about_that (can you tell me about that)
474_turn_028,sleep_affects (what are you like when you don't sleep well)
474_turn_029,mm (mm)
474_turn_030,okay_confirm (okay)
474_turn_031,okay_confirm (okay)
474_turn_032,depression_diagnosed (have you been diagnosed with depression)
474_turn_033,happy_lasttime (tell me about the last time you felt really happy)
474_turn_034,thats_great (that's great)
474_turn_035,uh_huh (uh huh)
474_turn_036,okay_confirm (okay)
474_turn_037,sorry_hear (i'm sorry to hear that)
474_turn_038,advice_back (what advice would you give to yourself ten or twenty years ago)
474_turn_039,yeah_downer (yeah)
474_turn_040,awesome (awesome)
474_turn_041,thats_great (that's great)
475_turn_000,really (really)
475_turn_001,travel_changed (what do you enjoy about traveling)
475_turn_002,travel_trips (i'd love to hear about one of your trips)
475_turn_003,nice (nice)
475_turn_004,tell_about_that (can you tell me about that)
475_turn_005,wow (wow)
475_turn_006,sounds_interesting (that sounds interesting)
475_turn_007,mhm (mhm)
475_turn_008,dream_job (what's your dream job)
475_turn_009,awesome (awesome)
475_turn_010,understand (i understand)
475_turn_011,mhm (mhm)
475_turn_012,thats_good (that's good)
475_turn_013,okay_confirm (okay)
475_turn_014,feelguilty (what's something you feel guilty about)
475_turn_015,okay_confirm (okay)
475_turn_016,okay_confirm (okay)
475_turn_017,thats_good (that's good)
475_turn_018,mm (mm)
475_turn_019,why2 (why)
475_turn_020,wow (wow)
475_turn_021,behavior_changes (have you noticed any changes in your behavior or thoughts lately)
475_turn_022,tell_about_that (can you tell me about that)
475_turn_023,see_mean (i see what you mean)
475_turn_024,ptsd_diagnosed (have you ever been diagnosed with p_t_s_d)
475_turn_025,depression_diagnosed (have you been diagnosed with depression)
475_turn_026,Ellie17Dec2012_10 (tell me about something you did recently that you really enjoyed)
475_turn_027,cool3 (cool)
475_turn_028,self_change (what are some things you wish you could change about yourself)
475_turn_029,feelbadly (tell me about a time when someone made you feel really badly about yourself)
475_turn_030,okay_confirm (okay)
475_turn_031,mm (mm)
475_turn_032,yeah3 (yeah)
475_turn_033,asked_everything (okay i think i have asked everything i need to)
478_turn_000,often_backB (how often do you go back to your hometown)
478_turn_001,compares_LA (how does it compare to l_a)
478_turn_002,travel_shoes (i'm sure you can tell by my shoes i'm not much of a world explorer do you travel a lot)
478_turn_003,travel_changed (what do you enjoy about traveling)
478_turn_004,nice (nice)
478_turn_005,sounds_interesting (that sounds interesting)
478_turn_006,awesome (awesome)
478_turn_007,difficult (how hard is that)
478_turn_008,tell_about_that (can you tell me about that)
478_turn_009,mm (mm)
478_turn_010,okay_confirm (okay)
478_turn_011,thats_good (that's good)
478_turn_012,okay_confirm (okay)
478_turn_013,okay_confirm (okay)
478_turn_014,feelguilty (what's something you feel guilty about)
478_turn_015,see_mean (i see what you mean)
478_turn_016,yeah_downer (yeah)
478_turn_017,okay_confirm (okay)
478_turn_018,how_know (how do you know them)
478_turn_019,cool3 (cool)
478_turn_020,okay_confirm (okay)
478_turn_021,okay_confirm (okay)
478_turn_022,sleep_affects (what are you like when you don't sleep well)
478_turn_023,feel_lately (how have you been feeling lately)
478_turn_024,trigger (are they triggered by something)
478_turn_025,tell_about_that (can you tell me about that)
478_turn_026,okay_confirm (okay)
478_turn_027,when_diagnosed (how long ago were you diagnosed)
478_turn_028,why_seek_help (what got you to seek help)
478_turn_029,therapy_going (do you still go to therapy now)
478_turn_030,therapy_changes (what sort of changes have you noticed since you've been going to therapy)
478_turn_031,mhm (mhm)
478_turn_032,im_sorry (i'm sorry)
478_turn_033,uh_huh (uh huh)
478_turn_034,thats_great (that's great)
478_turn_035,mhm (mhm)
478_turn_036,okay_confirm (okay)
478_turn_037,okay_confirm (okay)
478_turn_038,nice (nice)
478_turn_039,thats_good (that's good)
478_turn_040,yeah_downer (yeah)
478_turn_041,great_situation (that sounds like a great situation)
479_turn_000,okay_confirm (okay)
479_turn_001,yeah_downer (yeah)
479_turn_002,why2 (why)
479_turn_003,travel_changed (what do you enjoy about traveling)
479_turn_004,mhm (mhm)
479_turn_005,cool3 (cool)
479_turn_006,tell_about_that (can you tell me about that)
479_turn_007,uh_huh (uh huh)
479_turn_008,happy_didthat (are you happy you did that)
479_turn_009,why2 (why)
479_turn_010,okay_confirm (okay)
479_turn_011,sounds_interesting (that sounds interesting)
479_turn_012,understand (i understand)
479_turn_013,okay_confirm (okay)
479_turn_014,mhm (mhm)
479_turn_015,yeah_downer (yeah)
479_turn_016,how_know (how do you know them)
479_turn_017,describe_felt (how did you feel in that moment)
479_turn_018,like_what (like what)
479_turn_019,makes_sense (that makes sense)
479_turn_020,hard_decision (how did you decide to do that)
479_turn_021,living_situation (how do you like your living situation)
479_turn_022,thats_good (that's good)
479_turn_023,family_roleB (how close are you to your family)
479_turn_024,okay_confirm (okay)
479_turn_025,tell_about_that (can you tell me about that)
479_turn_026,yeah_downer (yeah)
479_turn_027,okay_confirm (okay)
479_turn_028,mhm (mhm)
479_turn_029,yeah3 (yeah)
479_turn_030,mhm (mhm)
479_turn_031,why2 (why)
479_turn_032,nice (nice)
479_turn_033,depression_diagnosed (have you been diagnosed with depression)
479_turn_034,happy_lasttime (tell me about the last time you felt really happy)
479_turn_035,more (tell me more about that)
479_turn_036,cool3 (cool)
479_turn_037,uh_huh (uh huh)
479_turn_038,self_change (what are some things you wish you could change about yourself)
479_turn_039,feelbadly (tell me about a time when someone made you feel really badly about yourself)
479_turn_040,okay_confirm (okay)
479_turn_041,thats_good (that's good)
479_turn_042,okay_confirm (okay)
479_turn_043,awesome (awesome)
479_turn_044,isee_downer (i see)
479_turn_045,give_example (can you give me an example of that)
479_turn_046,yeah_downer (yeah)
479_turn_047,mhm (mhm)
479_turn_048,thats_good (that's good)
485_turn_000,thats_good (that's good)
485_turn_001,really (really)
485_turn_002,often_backB (how often do you go back to your hometown)
485_turn_003,compares_LA (how does it compare to l_a)
485_turn_004,mhm (mhm)
485_turn_005,adapted_LA (how easy was it for you to get used to living in l_a)
485_turn_006,tell_about_that (can you tell me about that)
485_turn_007,yeah_downer (yeah)
485_turn_008,uh_huh (uh huh)
485_turn_009,dont_like_LA (what are some things you don't really like about l_a)
485_turn_010,see_mean (i see what you mean)
485_turn_011,why2 (why)
485_turn_012,okay_confirm (okay)
485_turn_013,sounds_interesting (that sounds interesting)
485_turn_014,thats_great (that's great)
485_turn_015,difficult (how hard is that)
485_turn_016,isee_downer (i see)
485_turn_017,understand (i understand)
485_turn_018,cool3 (cool)
485_turn_019,thats_good (that's good)
485_turn_020,feelguilty (what's something you feel guilty about)
485_turn_021,okay_confirm (okay)
485_turn_022,hmm_downer (hmm)
485_turn_023,change_directions (what made you decide to do that)
485_turn_024,mhm (mhm)
485_turn_025,tell_about_that (can you tell me about that)
485_turn_026,avoid (could you have done anything to avoid it)
485_turn_027,okay_confirm (okay)
485_turn_028,uh_huh (uh huh)
485_turn_029,good_hear (that's so good to hear)
485_turn_030,sleep_affects (what are you like when you don't sleep well)
485_turn_031,feel_lately (how have you been feeling lately)
485_turn_032,behavior_changes (have you noticed any changes in your behavior or thoughts lately)
485_turn_033,symptoms_cope (how do you cope with them)
485_turn_034,ptsd_diagnosed (have you ever been diagnosed with p_t_s_d)
485_turn_035,depression_diagnosed (have you been diagnosed with depression)
485_turn_036,happy_lasttime (tell me about the last time you felt really happy)
485_turn_037,memorableB (what's one of your most memorable experiences)
485_turn_038,describe_felt (how did you feel in that moment)
485_turn_039,yeah3 (yeah)
485_turn_040,self_change (what are some things you wish you could change about yourself)
485_turn_041,feelbadly (tell me about a time when someone made you feel really badly about yourself)
485_turn_042,yeah_downer (yeah)
485_turn_043,advice_back (what advice would you give to yourself ten or twenty years ago)
485_turn_044,ideal_weekendC (tell me how you spend your ideal weekend)
485_turn_045,Ellie17Dec2012_09 (what are some things that usually put you in a good mood)
485_turn_046,okay_confirm (okay)
485_turn_047,asked_everything (okay i think i have asked everything i need to)
486_turn_000,really (really)
486_turn_001,compares_LA (how does it compare to l_a)
486_turn_002,why_LA (why did you move to l_a)
486_turn_003,im_sorry (i'm sorry)
486_turn_004,like_about_LA (what are some things you really like about l_a)
486_turn_005,dont_like_LA (what are some things you don't really like about l_a)
486_turn_006,see_mean (i see what you mean)
486_turn_007,travel_trips (i'd love to hear about one of your trips)
486_turn_008,nice (nice)
486_turn_009,memorableB (what's one of your most memorable experiences)
486_turn_010,awesome (awesome)
486_turn_011,why2 (why)
486_turn_012,understand (i understand)
486_turn_013,thats_great (that's great)
486_turn_014,last_argument (when was the last time you argued with someone and what was it about)
486_turn_015,describe_felt (how did you feel in that moment)
486_turn_016,yeah_downer (yeah)
486_turn_017,isee_downer (i see)
486_turn_018,Ellie17Dec2012_06 (wow)
486_turn_019,see_mean (i see what you mean)
486_turn_020,tell_about_that (can you tell me about that)
486_turn_021,yeah_downer (yeah)
486_turn_022,okay_confirm (okay)
486_turn_023,thats_good (that's good)
486_turn_024,mhm (mhm)
486_turn_025,feel_lately (how have you been feeling lately)
486_turn_026,yeah_downer (yeah)
486_turn_027,okay_confirm (okay)
486_turn_028,depression_diagnosed (have you been diagnosed with depression)
486_turn_029,happy_lasttime (tell me about the last time you felt really happy)
486_turn_030,great_situation (that sounds like a great situation)
486_turn_031,self_change (what are some things you wish you could change about yourself)
486_turn_032,hmm_downer (hmm)
486_turn_033,okay_confirm (okay)
486_turn_034,uh_huh (uh huh)
486_turn_035,dream_job (what's your dream job)
486_turn_036,nice (nice)
486_turn_037,asked_everything (okay i think i have asked everything i need to)
487_turn_000,thats_good (that's good)
487_turn_001,really (really)
487_turn_002,mm (mm)
487_turn_003,why2 (why)
487_turn_004,makes_sense (that makes sense)
487_turn_005,mhm (mhm)
487_turn_006,why_LA (why did you move to l_a)
487_turn_007,adapted_LA (how easy was it for you to get used to living in l_a)
487_turn_008,thats_good (that's good)
487_turn_009,see_mean (i see what you mean)
487_turn_010,yeah3 (yeah)
487_turn_011,travel_changed (what do you enjoy about traveling)
487_turn_012,travel_trips (i'd love to hear about one of your trips)
487_turn_013,uh_huh (uh huh)
487_turn_014,yeah3 (yeah)
487_turn_015,okay_confirm (okay)
487_turn_016,mhm (mhm)
487_turn_017,control_temper (how are you at controlling your temper)
487_turn_018,last_argument (when was the last time you argued with someone and what was it about)
487_turn_019,okay_confirm (okay)
487_turn_020,situation_handled (tell me about a situation that you wish you had handled differently)
487_turn_021,yeah_downer (yeah)
487_turn_022,see_mean (i see what you mean)
487_turn_023,yeah_downer (yeah)
487_turn_024,mm (mm)
487_turn_025,yeah3 (yeah)
487_turn_026,right2 (right)
487_turn_027,mhm (mhm)
487_turn_028,yeah_downer (yeah)
487_turn_029,mm (mm)
487_turn_030,influence_positive (who's someone that's been a positive influence in your life)
487_turn_031,tell_about_that (can you tell me about that)
487_turn_032,okay_confirm (okay)
487_turn_033,see_mean (i see what you mean)
487_turn_034,behavior_changes (have you noticed any changes in your behavior or thoughts lately)
487_turn_035,okay_confirm (okay)
487_turn_036,right2 (right)
487_turn_037,happy_lasttime (tell me about the last time you felt really happy)
487_turn_038,yeah3 (yeah)
487_turn_039,understand (i understand)
487_turn_040,regret (is there anything you regret)
487_turn_041,advice_back (what advice would you give to yourself ten or twenty years ago)
487_turn_042,yeah3 (yeah)
487_turn_043,mhm (mhm)
487_turn_044,thats_great (that's great)
488_turn_000,really (really)
488_turn_001,mhm (mhm)
488_turn_002,see_mean (i see what you mean)
488_turn_003,bouts_symptoms (when was the last time that happened)
488_turn_004,nice (nice)
488_turn_005,memorableB (what's one of your most memorable experiences)
488_turn_006,mind (whatever comes to your mind)
488_turn_007,awesome (awesome)
488_turn_008,makes_sense (that makes sense)
488_turn_009,okay_confirm (okay)
488_turn_010,uh_huh (uh huh)
488_turn_011,control_temper (how are you at controlling your temper)
488_turn_012,last_argument (when was the last time you argued with someone and what was it about)
488_turn_013,yeah_downer (yeah)
488_turn_014,isee_downer (i see)
488_turn_015,okay_confirm (okay)
488_turn_016,im_sorry (i'm sorry)
488_turn_017,thats_good (that's good)
488_turn_018,thats_great (that's great)
488_turn_019,sleep_affects (what are you like when you don't sleep well)
488_turn_020,okay_confirm (okay)
488_turn_021,symptoms_cope (how do you cope with them)
488_turn_022,okay_confirm (okay)
488_turn_023,depression_diagnosed (have you been diagnosed with depression)
488_turn_024,happy_lasttime (tell me about the last time you felt really happy)
488_turn_025,thats_great (that's great)
488_turn_026,self_change (what are some things you wish you could change about yourself)
488_turn_027,feelbadly (tell me about a time when someone made you feel really badly about yourself)
488_turn_028,that_sucks (that sucks)
488_turn_029,regret (is there anything you regret)
488_turn_030,avoid (could you have done anything to avoid it)
488_turn_031,okay_confirm (okay)
488_turn_032,mhm (mhm)
488_turn_033,Ellie17Dec2012_08 (what are you most proud of in your life)
488_turn_034,aw (aw)
491_turn_000,why2 (why)
491_turn_001,sorry_hear (i'm sorry to hear that)
491_turn_002,yeah_downer (yeah)
491_turn_003,yeah_downer (yeah)
491_turn_004,like_about_LA (what are some things you really like about l_a)
491_turn_005,mhm (mhm)
491_turn_006,see_mean (i see what you mean)
491_turn_007,nice (nice)
491_turn_008,travel_changed (what do you enjoy about traveling)
491_turn_009,travel_trips (i'd love to hear about one of your trips)
491_turn_010,memorableB (what's one of your most memorable experiences)
491_turn_011,describe_felt (how did you feel in that moment)
491_turn_012,great_situation (that sounds like a great situation)
491_turn_013,thats_great (that's great)
491_turn_014,hard_decision (how did you decide to do that)
491_turn_015,dream_job (what's your dream job)
491_turn_016,mhm (mhm)
491_turn_017,why2 (why)
491_turn_018,wild_laughter3 ((laughter))
491_turn_019,control_temper (how are you at controlling your temper)
491_turn_020,landed_trouble (has that gotten you in trouble)
491_turn_021,last_argument (when was the last time you argued with someone and what was it about)
491_turn_022,okay_confirm (okay)
491_turn_023,give_example (can you give me an example of that)
491_turn_024,yeah_downer (yeah)
491_turn_025,mhm (mhm)
491_turn_026,okay_confirm (okay)
491_turn_027,Ellie17Dec2012_06 (wow)
491_turn_028,memory_erase (tell me about an event or something that you wish you could erase from your memory)
491_turn_029,mm (mm)
491_turn_030,sleep_affects (what are you like when you don't sleep well)
491_turn_031,feel_lately (how have you been feeling lately)
491_turn_032,see_mean (i see what you mean)
491_turn_033,thats_good (that's good)
491_turn_034,depression_diagnosed (have you been diagnosed with depression)
491_turn_035,symptoms_what (what were your symptoms)
491_turn_036,isee_downer (i see)
491_turn_037,therapy_going (do you still go to therapy now)
491_turn_038,stop_going (why did you stop)
491_turn_039,therapy_useful (do you feel like therapy is useful)
491_turn_040,therapist_affect (how has seeing a therapist affected you)
491_turn_041,thats_good (that's good)
491_turn_042,aw (aw)
491_turn_043,mhm (mhm)
491_turn_044,okay_confirm (okay)
491_turn_045,advice_back (what advice would you give to yourself ten or twenty years ago)
491_turn_046,okay_confirm (okay)
491_turn_047,Ellie17Dec2012_10 (tell me about something you did recently that you really enjoyed)
491_turn_048,yeah2 (yeah)
491_turn_049,nice (nice)
491_turn_050,thats_great (that's great)
491_turn_051,bye (goodbye)
302_turn_000,that's good
302_turn_001,really
302_turn_002,tell me more about that
302_turn_003,that sounds really hard
302_turn_004,that's great
302_turn_005,<laughter> can you give me an example of that
302_turn_006,i'm sorry
302_turn_007,that's good
302_turn_008,tell me more about that
302_turn_009,that sounds really hard
302_turn_010,what are you like when you don't sleep well
302_turn_011,whatever comes to your mind
302_turn_012,what do you enjoy about traveling
302_turn_013,awesome
302_turn_014,what made you decide to do that
302_turn_015,there are always trade-offs in life aren't there
302_turn_016,how do you know them
302_turn_017,who's someone that's been a positive influence in your life
307_turn_000,how easy was it for you to get used to living in l_a
307_turn_001,that's good
307_turn_002,[laughter]
307_turn_003,how close are you to them
307_turn_004,yeah that sucks
307_turn_005,[laughter]
307_turn_006,that's good
307_turn_007,[laughter]
307_turn_008,whatever comes to your mind
307_turn_009,what do you enjoy about traveling
307_turn_010,i see what you mean
307_turn_011,oh my gosh
307_turn_012,what are you like when you don't sleep well
307_turn_013,do you feel that way often
307_turn_014,have you noticed any changes in your behavior or thoughts lately
307_turn_015,that sounds really hard
307_turn_016,have you ever served in the military
307_turn_017,like what
307_turn_018,that's great
307_turn_019,awesome
307_turn_020,[laughter]
307_turn_021,that sounds like a great situation
307_turn_022,okay i think i've asked everything i need to thanks for sharing your thoughts with me
331_turn_000,how did you decide to do that
331_turn_001,what's your dream job
331_turn_002,how hard is that
331_turn_003,do you travel a lot
331_turn_004,yeah i see what you mean
331_turn_005,who's someone that's been a positive influence in your life
331_turn_006,uh huh
331_turn_007,what are you most proud of in your life
331_turn_008,that's great
331_turn_009,have you ever been diagnosed with p_t_s_d
331_turn_010,how long ago were you diagnosed
331_turn_011,what got you to seek help
331_turn_012,yeah i'm sorry to hear that
331_turn_013,uh huh
331_turn_014,that sounds really hard
331_turn_015,that's great
331_turn_016,that's good
331_turn_017,how hard is that
331_turn_018,yeah i see what you mean
331_turn_019,i'm sorry to hear that
331_turn_020,what's one of your most memorable experiences
331_turn_021,<laughter>
331_turn_022,that's good
331_turn_023,that's great
331_turn_024,goodbye
335_turn_000,really
335_turn_001,uh huh
335_turn_002,can you tell me about that
335_turn_003,i'm sorry to hear that
335_turn_004,<laughter>
335_turn_005,what do you do now
335_turn_006,how did you decide to do that
335_turn_007,that's great
335_turn_008,<laughter>
335_turn_009,when was the last time you argued with someone and what was it about
335_turn_010,uh huh
335_turn_011,that sounds really hard
335_turn_012,tell me more about that
335_turn_013,how would your best friend describe you
335_turn_014,that's good
335_turn_015,has that gotten you in trouble
335_turn_016,have you ever been diagnosed with p_t_s_d
335_turn_017,uh huh
335_turn_018,how have you been feeling lately
335_turn_019,that's good
335_turn_020,tell me more about that
335_turn_021,uh huh
335_turn_022,that sucks
335_turn_023,do you feel that way often
335_turn_024,<laughter>
335_turn_025,i'd love to hear about one of your trips
335_turn_026,are you happy you did that
335_turn_027,awesome
335_turn_028,that's good
335_turn_029,uh huh
335_turn_030,can you give me an example of that
335_turn_031,tell me more about that
335_turn_032,tell me more about that
335_turn_033,uh huh uh huh
335_turn_034,that makes sense
335_turn_035,that makes sense
335_turn_036,that's great
335_turn_037,goodbye goodbye
346_turn_000,really
346_turn_001,i'd love to hear about one of your trips
346_turn_002,that sucks
346_turn_003,tell me more about that
346_turn_004,are you still working in that
346_turn_005,what do you do now
346_turn_006,how did you decide to do that
346_turn_007,that sounds interesting
346_turn_008,how close are you to your family
346_turn_009,that's good
346_turn_010,how easy is it for you to get a good night's sleep
346_turn_011,are they triggered by something
346_turn_012,how do you cope with them
346_turn_013,how long ago were you diagnosed
346_turn_014,what got you to seek help
346_turn_015,uh huh
346_turn_016,why did you stop
346_turn_017,uh huh
346_turn_018,i'm sorry to hear that
346_turn_019,how have you been feeling lately
346_turn_020,that's good
346_turn_021,can you tell me about that
346_turn_022,that's so good to hear
346_turn_023,what are you most proud of in your life
346_turn_024,that's great
346_turn_025,what advice would you give yourself ten or twenty years ago
346_turn_026,i see what you mean
346_turn_027,that's good
346_turn_028,that's great
346_turn_029,awesome
346_turn_030,that's good
367_turn_000,sorry_hear (i'm sorry to hear that)
367_turn_001,really (really)
367_turn_002,why_LA (why did you move to l_a)
367_turn_003,adapted_LA (how easy was it for you to get used to living in l_a)
367_turn_004,often_backB (how often do you go back to your hometown)
367_turn_005,difficult (how hard is that)
367_turn_006,yeah_downer (yeah)
367_turn_007,okay_confirm (okay)
367_turn_008,mhm (mhm)
367_turn_009,cool3 (cool)
367_turn_010,mm (mm)
367_turn_011,uh_huh (uh huh)
367_turn_012,yeah3 (yeah)
367_turn_013,last_argument (when was the last time you argued with someone and what was it about)
367_turn_014,wild_laughter5 ((laughter))
367_turn_015,okay_confirm (okay)
367_turn_016,hmm_downer (hmm)
367_turn_017,yeah_downer (yeah)
367_turn_018,too_hard (do you think that maybe you're being a little hard on yourself)
367_turn_019,yeah_downer (yeah)
367_turn_020,Ellie17Dec2012_03 (that's good)
367_turn_021,mhm (mhm)
367_turn_022,trigger (are they triggered by something)
367_turn_023,that_sucks (that sucks)
367_turn_024,mhm (mhm)
367_turn_025,okay_confirm (okay)
367_turn_026,describe_felt (how did you feel in that moment)
367_turn_027,yeah_downer (yeah)
367_turn_028,downer (okay)
367_turn_029,okay_confirm (okay)
367_turn_030,wild_laughter3 ((laughter))
367_turn_031,right2 (right)
367_turn_032,yeah3 (yeah)
367_turn_033,uh_huh (uh huh)
367_turn_034,mhm (mhm)
367_turn_035,awesome (awesome)
367_turn_036,asked_everything (okay i think i have asked everything i need to)
377_turn_000,wow (wow)
377_turn_001,often_backB (how often do you go back to your hometown)
377_turn_002,compares_LA (how does it compare to l_a)
377_turn_003,wild_laughter3 ((laughter))
377_turn_004,uh_huh (uh huh)
377_turn_005,adapted_LA (how easy was it for you to get used to living in l_a)
377_turn_006,yeah3 (yeah)
377_turn_007,travel_changed (what do you enjoy about traveling)
377_turn_008,travel_trips (i'd love to hear about one of your trips)
377_turn_009,memorableB (what's one of your most memorable experiences)
377_turn_010,awesome (awesome)
377_turn_011,still_working_on_X (are you still working in that)
377_turn_012,yeah3 (yeah)
377_turn_013,back_later (let's come back to that later)
377_turn_014,okay_confirm (okay)
377_turn_015,thats_good (that's good)
377_turn_016,mhm (mhm)
377_turn_017,uh_huh (uh huh)
377_turn_018,last_argument (when was the last time you argued with someone and what was it about)
377_turn_019,tell_about_that (can you tell me about that)
377_turn_020,yeah_downer (yeah)
377_turn_021,uh_huh (uh huh)
377_turn_022,change_directions (what made you decide to do that)
377_turn_023,great_situation (that sounds like a great situation)
377_turn_024,trigger (are they triggered by something)
377_turn_025,difficult (how hard is that)
377_turn_026,isee_downer (i see)
377_turn_027,im_sorry (i'm sorry)
377_turn_028,depression_diagnosed (have you been diagnosed with depression)
377_turn_029,when_diagnosed (how long ago were you diagnosed)
377_turn_030,why_seek_help (what got you to seek help)
377_turn_031,therapy_going (do you still go to therapy now)
377_turn_032,stop_going (why did you stop)
377_turn_033,therapy_useful (do you feel like therapy is useful)
377_turn_034,right2 (right)
377_turn_035,yeah3 (yeah)
377_turn_036,Ellie17Dec2012_07 (what would you say are some of your best qualities)
377_turn_037,regret (is there anything you regret)
377_turn_038,advice_back (what advice would you give to yourself ten or twenty years ago)
377_turn_039,ideal_weekendC (tell me how you spend your ideal weekend)
377_turn_040,okay_confirm (okay)
377_turn_041,thats_great (that's great)
381_turn_000,really (really)
381_turn_001,dont_like_LA (what are some things you don't really like about l_a)
381_turn_002,see_mean (i see what you mean)
381_turn_003,why2 (why)
381_turn_004,okay_confirm (okay)
381_turn_005,sounds_interesting (that sounds interesting)
381_turn_006,still_doing_X (are you still doing that)
381_turn_007,difficult (how hard is that)
381_turn_008,why2 (why)
381_turn_009,understand (i understand)
381_turn_010,okay_confirm (okay)
381_turn_011,thats_good (that's good)
381_turn_012,hmmB (hmm)
381_turn_013,yeah_downer (yeah)
381_turn_014,yeah_downer (yeah)
381_turn_015,situation_handled (tell me about a situation that you wish you had handled differently)
381_turn_016,tell_about_that (can you tell me about that)
381_turn_017,mm (mm)
381_turn_018,bouts_symptoms (when was the last time that happened)
381_turn_019,mhm (mhm)
381_turn_020,yeah_downer (yeah)
381_turn_021,behavior_changes (have you noticed any changes in your behavior or thoughts lately)
381_turn_022,feel_lately (how have you been feeling lately)
381_turn_023,yeah_downer (yeah)
381_turn_024,when_diagnosed (how long ago were you diagnosed)
381_turn_025,why_seek_help (what got you to seek help)
381_turn_026,therapy_going (do you still go to therapy now)
381_turn_027,stop_going (why did you stop)
381_turn_028,therapist_affect (how has seeing a therapist affected you)
381_turn_029,disturbing_thoughts (do you have disturbing thoughts)
381_turn_030,happy_lasttime (tell me about the last time you felt really happy)
381_turn_031,thats_great (that's great)
381_turn_032,travel_changed (what do you enjoy about traveling)
381_turn_033,awesome (awesome)
381_turn_034,wow (wow)
381_turn_035,memorableB (what's one of your most memorable experiences)
381_turn_036,mind (whatever comes to your mind)
381_turn_037,yeah_downer (yeah)
381_turn_038,BF_describe (how would your best friend describe you)
381_turn_039,advice_back (what advice would you give to yourself ten or twenty years ago)
381_turn_040,regret (is there anything you regret)
381_turn_041,right2 (right)
381_turn_042,okay_confirm (okay)
381_turn_043,cool3 (cool)
382_turn_000,really (really)
382_turn_001,long_time (that's a long time)
382_turn_002,often_backB (how often do you go back to your hometown)
382_turn_003,thats_good (that's good)
382_turn_004,why_LA (why did you move to l_a)
382_turn_005,still_doing_X (are you still doing that)
382_turn_006,change_directions (what made you decide to do that)
382_turn_007,cool3 (cool)
382_turn_008,like_about_LA (what are some things you really like about l_a)
382_turn_009,yeah3 (yeah)
382_turn_010,see_mean (i see what you mean)
382_turn_011,shyoutgoing (do you consider yourself more shy or outgoing)
382_turn_012,okay_confirm (okay)
382_turn_013,uh_huh (uh huh)
382_turn_014,tell_about_that (can you tell me about that)
382_turn_015,oh (oh)
382_turn_016,yeah3 (yeah)
382_turn_017,right2 (right)
382_turn_018,okay_confirm (okay)
382_turn_019,yes (yes)
382_turn_020,okay_confirm (okay)
382_turn_021,happy_didthat (are you happy you did that)
382_turn_022,avoid (could you have done anything to avoid it)
382_turn_023,influence_positive (who's someone that's been a positive influence in your life)
382_turn_024,uh_huh (uh huh)
382_turn_025,okay_confirm (okay)
382_turn_026,thats_good (that's good)
382_turn_027,okay_confirm (okay)
382_turn_028,feel_lately (how have you been feeling lately)
382_turn_029,thats_good (that's good)
382_turn_030,depression_diagnosed (have you been diagnosed with depression)
382_turn_031,happy_lasttime (tell me about the last time you felt really happy)
382_turn_032,thats_great (that's great)
382_turn_033,right2 (right)
382_turn_034,yeah3 (yeah)
382_turn_035,advice_back (what advice would you give to yourself ten or twenty years ago)
382_turn_036,mm (mm)
382_turn_037,difficult (how hard is that)
382_turn_038,feelbadly (tell me about a time when someone made you feel really badly about yourself)
382_turn_039,mhm (mhm)
382_turn_040,okay_confirm (okay)
382_turn_041,bouts_symptoms (when was the last time that happened)
382_turn_042,nice (nice)
382_turn_043,good_hear (that's so good to hear)
382_turn_044,thats_good (that's good)
382_turn_045,argument_about (what was it about)
382_turn_046,Ellie17Dec2012_02 (uh huh)
382_turn_047,appreciate_open (thanks for sharing your thoughts with me)
388_turn_000,really (really)
388_turn_001,often_backB (how often do you go back to your hometown)
388_turn_002,compares_LA (how does it compare to l_a)
388_turn_003,why_LA (why did you move to l_a)
388_turn_004,adapted_LA (how easy was it for you to get used to living in l_a)
388_turn_005,mm (mm)
388_turn_006,good_job (it can be tough to find a good job these days)
388_turn_007,dream_job (what's your dream job)
388_turn_008,okay_confirm (okay)
388_turn_009,okay_confirm (okay)
388_turn_010,why2 (why)
388_turn_011,yeah_downer (yeah)
388_turn_012,control_temper (how are you at controlling your temper)
388_turn_013,last_argument (when was the last time you argued with someone and what was it about)
388_turn_014,give_example (can you give me an example of that)
388_turn_015,uh_huh (uh huh)
388_turn_016,talk_later (why don't we talk about that later)
388_turn_017,okay_confirm (okay)
388_turn_018,been_hard (that sounds really hard)
388_turn_019,too_hard (do you think that maybe you're being a little hard on yourself)
388_turn_020,hard_decisionB (tell me about the hardest decision you've ever had to make)
388_turn_021,really (really)
388_turn_022,tell_about_that (can you tell me about that)
388_turn_023,like_what (like what)
388_turn_024,see_mean (i see what you mean)
388_turn_025,sorry_hear (i'm sorry to hear that)
388_turn_026,hmm_downer (hmm)
388_turn_027,depression_diagnosed (have you been diagnosed with depression)
388_turn_028,happy_lasttime (tell me about the last time you felt really happy)
388_turn_029,bouts_symptoms (when was the last time that happened)
388_turn_030,thats_good (that's good)
388_turn_031,self_change (what are some things you wish you could change about yourself)
388_turn_032,yeah_downer (yeah)
388_turn_033,BF_describe (how would your best friend describe you)
388_turn_034,Ellie17Dec2012_07 (what would you say are some of your best qualities)
388_turn_035,okay_confirm (okay)
388_turn_036,give_example (can you give me an example of that)
388_turn_037,uh_huh (uh huh)
388_turn_038,right2 (right)
388_turn_039,mm (mm)
388_turn_040,tell_about_that (can you tell me about that)
388_turn_041,okay_confirm (okay)
388_turn_042,asked_everything (okay i think i have asked everything i need to)
389_turn_000,really (really)
389_turn_001,often_backB (how often do you go back to your hometown)
389_turn_002,still_doing_X (are you still doing that)
389_turn_003,okay_confirm (okay)
389_turn_004,see_mean (i see what you mean)
389_turn_005,dream_job (what's your dream job)
389_turn_006,difficult (how hard is that)
389_turn_007,shyoutgoing (do you consider yourself more shy or outgoing)
389_turn_008,relax_fishtank (sometimes when i'm feeling tense i turn on the fish tank screensaver hey i know it's not hawaii but it's the best i've got what do you do to relax)
389_turn_009,okay_confirm (okay)
389_turn_010,oh_no (oh no)
389_turn_011,okay_confirm (okay)
389_turn_012,like_what (like what)
389_turn_013,uh_huh (uh huh)
389_turn_014,tell_about_that (can you tell me about that)
389_turn_015,been_hard (that sounds really hard)
389_turn_016,hard_decisionB (tell me about the hardest decision you've ever had to make)
389_turn_017,change_directions (what made you decide to do that)
389_turn_018,thats_good (that's good)
389_turn_019,travel_changed (what do you enjoy about traveling)
389_turn_020,travel_trips (i'd love to hear about one of your trips)
389_turn_021,cool3 (cool)
389_turn_022,describe_felt (how did you feel in that moment)
389_turn_023,thats_great (that's great)
389_turn_024,why2 (why)
389_turn_025,trigger (are they triggered by something)
389_turn_026,tell_me_about (tell me about that)
389_turn_027,symptoms_cope (how do you cope with them)
389_turn_028,Ellie17Dec2012_03 (that's good)
389_turn_029,downer (okay)
389_turn_030,depression_diagnosed (have you been diagnosed with depression)
389_turn_031,when_diagnosed (how long ago were you diagnosed)
389_turn_032,why_seek_help (what got you to seek help)
389_turn_033,suspect_problem (did you think you had a problem before you found out)
389_turn_034,symptoms_what (what were your symptoms)
389_turn_035,therapy_going (do you still go to therapy now)
389_turn_036,stop_going (why did you stop)
389_turn_037,therapy_changes (what sort of changes have you noticed since you've been going to therapy)
389_turn_038,feel_lately (how have you been feeling lately)
389_turn_039,cool3 (cool)
389_turn_040,BF_describe (how would your best friend describe you)
389_turn_041,advice_back (what advice would you give to yourself ten or twenty years ago)
389_turn_042,mm (mm)
389_turn_043,okay_confirm (okay)
389_turn_044,Ellie17Dec2012_08 (what are you most proud of in your life)
390_turn_000,thats_good (that's good)
390_turn_001,really (really)
390_turn_002,long_time (that's a long time)
390_turn_003,compares_LA (how does it compare to l_a)
390_turn_004,mhm (mhm)
390_turn_005,still_doing_X (are you still doing that)
390_turn_006,change_directions (what made you decide to do that)
390_turn_007,yeah3 (yeah)
390_turn_008,dream_job (what's your dream job)
390_turn_009,okay_confirm (okay)
390_turn_010,relax_fishtank (sometimes when i'm feeling tense i turn on the fish tank screensaver hey i know it's not hawaii but it's the best i've got what do you do to relax)
390_turn_011,nice (nice)
390_turn_012,okay_confirm (okay)
390_turn_013,mhm (mhm)
390_turn_014,difficult (how hard is that)
390_turn_015,yeah_downer (yeah)
390_turn_016,why2 (why)
390_turn_017,understand (i understand)
390_turn_018,okay_confirm (okay)
390_turn_019,wow (wow)
390_turn_020,thats_great (that's great)
390_turn_021,mm (mm)
390_turn_022,yeah3 (yeah)
390_turn_023,mhm (mhm)
390_turn_024,Ellie17Dec2012_03 (that's good)
390_turn_025,like_what (like what)
390_turn_026,okay_confirm (okay)
390_turn_027,tell_me_about (tell me about that)
390_turn_028,sorry_hear (i'm sorry to hear that)
390_turn_029,why2 (why)
390_turn_030,okay_confirm (okay)
390_turn_031,okay_confirm (okay)
390_turn_032,tell_about_that (can you tell me about that)
390_turn_033,been_hard (that sounds really hard)
390_turn_034,yeah_downer (yeah)
390_turn_035,depression_diagnosed (have you been diagnosed with depression)
390_turn_036,when_diagnosed (how long ago were you diagnosed)
390_turn_037,why_seek_help (what got you to seek help)
390_turn_038,Ellie17Dec2012_03 (that's good)
390_turn_039,symptoms_what (what were your symptoms)
390_turn_040,mhm (mhm)
390_turn_041,therapy_useful (do you feel like therapy is useful)
390_turn_042,therapy_useful (do you feel like therapy is useful)
390_turn_043,therapy_changes (what sort of changes have you noticed since you've been going to therapy)
390_turn_044,yeah3 (yeah)
390_turn_045,Ellie17Dec2012_10 (tell me about something you did recently that you really enjoyed)
390_turn_046,aw (aw)
390_turn_047,advice_back (what advice would you give to yourself ten or twenty years ago)
390_turn_048,downer (okay)
390_turn_049,Ellie17Dec2012_08 (what are you most proud of in your life)
390_turn_050,thats_good (that's good)
390_turn_051,bye (goodbye)
395_turn_000,really (really)
395_turn_001,mhm (mhm)
395_turn_002,dont_like_LA (what are some things you don't really like about l_a)
395_turn_003,okay_confirm (okay)
395_turn_004,sounds_interesting (that sounds interesting)
395_turn_005,difficult (how hard is that)
395_turn_006,still_working_on_X (are you still working in that)
395_turn_007,like_what (like what)
395_turn_008,awesome (awesome)
395_turn_009,travel_changed (what do you enjoy about traveling)
395_turn_010,travel_trips (i'd love to hear about one of your trips)
395_turn_011,memorableB (what's one of your most memorable experiences)
395_turn_012,great_situation (that sounds like a great situation)
395_turn_013,uh_huh (uh huh)
395_turn_014,relax_fishtank (sometimes when i'm feeling tense i turn on the fish tank screensaver hey i know it's not hawaii but it's the best i've got what do you do to relax)
395_turn_015,okay_confirm (okay)
395_turn_016,thats_good (that's good)
395_turn_017,feelguilty (what's something you feel guilty about)
395_turn_018,tell_about_that (can you tell me about that)
395_turn_019,im_sorry (i'm sorry)
395_turn_020,Ellie17Dec2012_04 (that's great)
395_turn_021,mhm (mhm)
395_turn_022,ptsd_diagnosed (have you ever been diagnosed with p_t_s_d)
395_turn_023,depression_diagnosed (have you been diagnosed with depression)
395_turn_024,disturbing_thoughts (do you have disturbing thoughts)
395_turn_025,feel_lately (how have you been feeling lately)
395_turn_026,easy_sleep (how easy is it for you to get a good night's sleep)
395_turn_027,thats_good (that's good)
395_turn_028,situation_handled (tell me about a situation that you wish you had handled differently)
395_turn_029,okay_confirm (okay)
395_turn_030,tell_about_that (can you tell me about that)
395_turn_031,yeah_downer (yeah)
395_turn_032,describe_felt (how did you feel in that moment)
395_turn_033,thats_great (that's great)
395_turn_034,Ellie17Dec2012_07 (what would you say are some of your best qualities)
395_turn_035,mm (mm)
395_turn_036,yeah_downer (yeah)
395_turn_037,influence_positive (who's someone that's been a positive influence in your life)
395_turn_038,aw (aw)
395_turn_039,okay_confirm (okay)
395_turn_040,Ellie17Dec2012_10 (tell me about something you did recently that you really enjoyed)
395_turn_041,kids_elaborate (tell me about your kids)
395_turn_042,easy_parent (do you find it easy to be a parent)
395_turn_043,thats_good (that's good)
395_turn_044,Ellie17Dec2012_08 (what are you most proud of in your life)
395_turn_045,mhm (mhm)
403_turn_000,thats_good (that's good)
403_turn_001,cool3 (cool)
403_turn_002,mhm (mhm)
403_turn_003,dont_like_LA (what are some things you don't really like about l_a)
403_turn_004,see_mean (i see what you mean)
403_turn_005,wow (wow)
403_turn_006,travel_trips (i'd love to hear about one of your trips)
403_turn_007,awesome (awesome)
403_turn_008,great_situation (that sounds like a great situation)
403_turn_009,relax_fishtank (sometimes when i'm feeling tense i turn on the fish tank screensaver hey i know it's not hawaii but it's the best i've got what do you do to relax)
403_turn_010,mm (mm)
403_turn_011,thats_good (that's good)
403_turn_012,yeah_downer (yeah)
403_turn_013,mhm (mhm)
403_turn_014,yeah_downer (yeah)
403_turn_015,yeah_downer (yeah)
403_turn_016,still_working_on_X (are you still working in that)
403_turn_017,sounds_interesting (that sounds interesting)
403_turn_018,mhm (mhm)
403_turn_019,family_relationship (tell me about your relationship with your family)
403_turn_020,yeah3 (yeah)
403_turn_021,feel_lately (how have you been feeling lately)
403_turn_022,difficult (how hard is that)
403_turn_023,mhm (mhm)
403_turn_024,depression_diagnosed (have you been diagnosed with depression)
403_turn_025,happy_lasttime (tell me about the last time you felt really happy)
403_turn_026,okay_confirm (okay)
403_turn_027,yeah3 (yeah)
403_turn_028,uh_huh (uh huh)
403_turn_029,wild_laughter3 ((laughter))
403_turn_030,aw (aw)
403_turn_031,Ellie17Dec2012_10 (tell me about something you did recently that you really enjoyed)
403_turn_032,great_situation (that sounds like a great situation)
403_turn_033,feelguilty (what's something you feel guilty about)
403_turn_034,see_mean (i see what you mean)
403_turn_035,okay_confirm (okay)
403_turn_036,yeah3 (yeah)
403_turn_037,influence_positive (who's someone that's been a positive influence in your life)
403_turn_038,tell_about_that (can you tell me about that)
403_turn_039,mhm (mhm)
403_turn_040,yeah3 (yeah)
404_turn_000,cool3 (cool)
404_turn_001,yeah3 (yeah)
404_turn_002,mm (mm)
404_turn_003,travel_changed (what do you enjoy about traveling)
404_turn_004,uh_huh (uh huh)
404_turn_005,relax_fishtank (sometimes when i'm feeling tense i turn on the fish tank screensaver hey i know it's not hawaii but it's the best i've got what do you do to relax)
404_turn_006,thats_good (that's good)
404_turn_007,last_argument (when was the last time you argued with someone and what was it about)
404_turn_008,okay_confirm (okay)
404_turn_009,tell_about_that (can you tell me about that)
404_turn_010,isee_downer (i see)
404_turn_011,landed_trouble (has that gotten you in trouble)
404_turn_012,okay_confirm (okay)
404_turn_013,Ellie17Dec2012_02 (uh huh)
404_turn_014,been_hard (that sounds really hard)
404_turn_015,thats_good (that's good)
404_turn_016,why2 (why)
404_turn_017,yeah_downer (yeah)
404_turn_018,okay_confirm (okay)
404_turn_019,sleep_affects (what are you like when you don't sleep well)
404_turn_020,okay_confirm (okay)
404_turn_021,old (how old were you when you joined the military)
404_turn_022,very_young (you were very young weren't you)
404_turn_023,combat (did you ever see combat)
404_turn_024,mhm (mhm)
404_turn_025,nice (nice)
404_turn_026,mhm (mhm)
404_turn_027,difficult (how hard is that)
404_turn_028,civilian_life (how easy was it for you to go back to civilian life)
404_turn_029,understand (i understand)
404_turn_030,depression_diagnosed (have you been diagnosed with depression)
404_turn_031,happy_lasttime (tell me about the last time you felt really happy)
404_turn_032,uh_huh (uh huh)
404_turn_033,okay_confirm (okay)
404_turn_034,mhm (mhm)
404_turn_035,okay_confirm (okay)
404_turn_036,mhm (mhm)
404_turn_037,advice_back (what advice would you give to yourself ten or twenty years ago)
404_turn_038,okay_confirm (okay)
404_turn_039,thats_great (that's great)
404_turn_040,asked_everything (okay i think i have asked everything i need to)
406_turn_000,really (really)
406_turn_001,mhm (mhm)
406_turn_002,dont_like_LA (what are some things you don't really like about l_a)
406_turn_003,okay_confirm (okay)
406_turn_004,why2 (why)
406_turn_005,okay_confirm (okay)
406_turn_006,travel_trips (i'd love to hear about one of your trips)
406_turn_007,nice (nice)
406_turn_008,sounds_interesting (that sounds interesting)
406_turn_009,yeah3 (yeah)
406_turn_010,understand (i understand)
406_turn_011,okay_confirm (okay)
406_turn_012,relax_fishtank (sometimes when i'm feeling tense i turn on the fish tank screensaver hey i know it's not hawaii but it's the best i've got what do you do to relax)
406_turn_013,like_what (like what)
406_turn_014,cool3 (cool)
406_turn_015,last_argument (when was the last time you argued with someone and what was it about)
406_turn_016,okay_confirm (okay)
406_turn_017,situation_handled (tell me about a situation that you wish you had handled differently)
406_turn_018,hard_decisionB (tell me about the hardest decision you've ever had to make)
406_turn_019,tell_about_that (can you tell me about that)
406_turn_020,change_directions (what made you decide to do that)
406_turn_021,see_mean (i see what you mean)
406_turn_022,okay_confirm (okay)
406_turn_023,mhm (mhm)
406_turn_024,like_what (like what)
406_turn_025,okay_confirm (okay)
406_turn_026,okay_confirm (okay)
406_turn_027,thats_good (that's good)
406_turn_028,good_hear (that's so good to hear)
406_turn_029,depression_diagnosed (have you been diagnosed with depression)
406_turn_030,happy_lasttime (tell me about the last time you felt really happy)
406_turn_031,tell_about_that (can you tell me about that)
406_turn_032,awesome (awesome)
406_turn_033,wow (wow)
406_turn_034,advice_back (what advice would you give to yourself ten or twenty years ago)
406_turn_035,okay_confirm (okay)
406_turn_036,self_change (what are some things you wish you could change about yourself)
406_turn_037,feelbadly (tell me about a time when someone made you feel really badly about yourself)
406_turn_038,okay_confirm (okay)
406_turn_039,thats_great (that's great)
413_turn_000,really (really)
413_turn_001,often_backB (how often do you go back to your hometown)
413_turn_002,mhm (mhm)
413_turn_003,why2 (why)
413_turn_004,understand (i understand)
413_turn_005,adapted_LA (how easy was it for you to get used to living in l_a)
413_turn_006,mm (mm)
413_turn_007,sounds_interesting (that sounds interesting)
413_turn_008,still_working_on_X (are you still working in that)
413_turn_009,awesome (awesome)
413_turn_010,memorableB (what's one of your most memorable experiences)
413_turn_011,tell_about_that (can you tell me about that)
413_turn_012,great_situation (that sounds like a great situation)
413_turn_013,yeah_downer (yeah)
413_turn_014,relax_fishtank (sometimes when i'm feeling tense i turn on the fish tank screensaver hey i know it's not hawaii but it's the best i've got what do you do to relax)
413_turn_015,like_what (like what)
413_turn_016,okay_confirm (okay)
413_turn_017,uh_huh (uh huh)
413_turn_018,tell_about_that (can you tell me about that)
413_turn_019,yeah_downer (yeah)
413_turn_020,yeah_downer (yeah)
413_turn_021,okay_confirm (okay)
413_turn_022,yeah_downer (yeah)
413_turn_023,mhm (mhm)
413_turn_024,trigger (are they triggered by something)
413_turn_025,hmm_downer (hmm)
413_turn_026,okay_confirm (okay)
413_turn_027,behavior_changes (have you noticed any changes in your behavior or thoughts lately)
413_turn_028,ptsd_diagnosed (have you ever been diagnosed with p_t_s_d)
413_turn_029,depression_diagnosed (have you been diagnosed with depression)
413_turn_030,why_seek_help (what got you to seek help)
413_turn_031,therapy_useful (do you feel like therapy is useful)
413_turn_032,therapy_going (do you still go to therapy now)
413_turn_033,stop_going (why did you stop)
413_turn_034,see_mean (i see what you mean)
413_turn_035,thats_great (that's great)
413_turn_036,yeah_downer (yeah)
413_turn_037,advice_back (what advice would you give to yourself ten or twenty years ago)
413_turn_038,BF_describe (how would your best friend describe you)
413_turn_039,uh_huh (uh huh)
413_turn_040,nice (nice)
413_turn_041,asked_everything (okay i think i have asked everything i need to)
417_turn_000,really (really)
417_turn_001,dont_like_LA (what are some things you don't really like about l_a)
417_turn_002,yeah3 (yeah)
417_turn_003,hard_decision (how did you decide to do that)
417_turn_004,yeah_downer (yeah)
417_turn_005,okay_confirm (okay)
417_turn_006,see_mean (i see what you mean)
417_turn_007,mhm (mhm)
417_turn_008,uh_huh (uh huh)
417_turn_009,thats_good (that's good)
417_turn_010,okay_confirm (okay)
417_turn_011,yeah3 (yeah)
417_turn_012,avoid (could you have done anything to avoid it)
417_turn_013,yeah3 (yeah)
417_turn_014,sorry_hear (i'm sorry to hear that)
417_turn_015,okay_confirm (okay)
417_turn_016,family_relationship (tell me about your relationship with your family)
417_turn_017,thats_good (that's good)
417_turn_018,mhm (mhm)
417_turn_019,sleep_affects (what are you like when you don't sleep well)
417_turn_020,okay_confirm (okay)
417_turn_021,behavior_changes (have you noticed any changes in your behavior or thoughts lately)
417_turn_022,ptsd_diagnosed (have you ever been diagnosed with p_t_s_d)
417_turn_023,tell_about_that (can you tell me about that)
417_turn_024,suspect_problem (did you think you had a problem before you found out)
417_turn_025,symptoms_what (what were your symptoms)
417_turn_026,therapist_useful (is going to a therapist helping you)
417_turn_027,yeah_downer (yeah)
417_turn_028,Ellie17Dec2012_10 (tell me about something you did recently that you really enjoyed)
417_turn_029,okay_confirm (okay)
417_turn_030,ideal_weekendC (tell me how you spend your ideal weekend)
417_turn_031,mhm (mhm)
417_turn_032,mm (mm)
417_turn_033,asked_everything (okay i think i have asked everything i need to)
418_turn_000,really (really)
418_turn_001,very_young (you were very young weren't you)
418_turn_002,okay_confirm (okay)
418_turn_003,mhm (mhm)
418_turn_004,yeah3 (yeah)
418_turn_005,sounds_interesting (that sounds interesting)
418_turn_006,thats_great (that's great)
418_turn_007,okay_confirm (okay)
418_turn_008,relax_fishtank (sometimes when i'm feeling tense i turn on the fish tank screensaver hey i know it's not hawaii but it's the best i've got what do you do to relax)
418_turn_009,aw (aw)
418_turn_010,thats_good (that's good)
418_turn_011,last_argument (when was the last time you argued with someone and what was it about)
418_turn_012,okay_confirm (okay)
418_turn_013,situation_handled (tell me about a situation that you wish you had handled differently)
418_turn_014,okay_confirm (okay)
418_turn_015,yeah_downer (yeah)
418_turn_016,easy_parent (do you find it easy to be a parent)
418_turn_017,parent_hardest (what's the hardest thing about being a parent)
418_turn_018,tell_me_moreV2 (can you tell me more about that)
418_turn_019,parent_hardest (what's the hardest thing about being a parent)
418_turn_020,parent_best (what's the best thing about being a parent)
418_turn_021,yeah3 (yeah)
418_turn_022,parent_differences (what are some ways that you're different as a parent than your parents)
418_turn_023,hmm_downer (hmm)
418_turn_024,easy_sleep (how easy is it for you to get a good night's sleep)
418_turn_025,sleep_affects (what are you like when you don't sleep well)
418_turn_026,okay_confirm (okay)
418_turn_027,trade_offs (there are always trade-offs in life aren't there)
418_turn_028,depression_diagnosed (have you been diagnosed with depression)
418_turn_029,when_diagnosed (how long ago were you diagnosed)
418_turn_030,why_seek_help (what got you to seek help)
418_turn_031,therapy_going (do you still go to therapy now)
418_turn_032,therapy_useful (do you feel like therapy is useful)
418_turn_033,therapy_changes (what sort of changes have you noticed since you've been going to therapy)
418_turn_034,thats_good (that's good)
418_turn_035,okay_confirm (okay)
418_turn_036,okay_confirm (okay)
418_turn_037,Ellie17Dec2012_07 (what would you say are some of your best qualities)
418_turn_038,mhm (mhm)
418_turn_039,yes (yes)
418_turn_040,mm (mm)
418_turn_041,Ellie17Dec2012_08 (what are you most proud of in your life)
418_turn_042,asked_everything (okay i think i have asked everything i need to)
420_turn_000,really (really)
420_turn_001,often_backB (how often do you go back to your hometown)
420_turn_002,wow (wow)
420_turn_003,compares_LA (how does it compare to l_a)
420_turn_004,tell_about_that (can you tell me about that)
420_turn_005,wild_laughter5 ((laughter))
420_turn_006,adapted_LA (how easy was it for you to get used to living in l_a)
420_turn_007,thats_good (that's good)
420_turn_008,dont_like_LA (what are some things you don't really like about l_a)
420_turn_009,mhm (mhm)
420_turn_010,travel_changed (what do you enjoy about traveling)
420_turn_011,uh_huh (uh huh)
420_turn_012,nice (nice)
420_turn_013,awesome (awesome)
420_turn_014,dream_job (what's your dream job)
420_turn_015,really (really)
420_turn_016,thats_great (that's great)
420_turn_017,uh_huh (uh huh)
420_turn_018,last_argument (when was the last time you argued with someone and what was it about)
420_turn_019,oh_no (oh no)
420_turn_020,yeah_downer (yeah)
420_turn_021,sorry_hear (i'm sorry to hear that)
420_turn_022,situation_handled (tell me about a situation that you wish you had handled differently)
420_turn_023,change_directions (what made you decide to do that)
420_turn_024,avoid (could you have done anything to avoid it)
420_turn_025,yeah_downer (yeah)
420_turn_026,okay_confirm (okay)
420_turn_027,tell_about_that (can you tell me about that)
420_turn_028,yeah_downer (yeah)
420_turn_029,okay_confirm (okay)
420_turn_030,why2 (why)
420_turn_031,isee_downer (i see)
420_turn_032,aw (aw)
420_turn_033,yeah3 (yeah)
420_turn_034,parent_best (what's the best thing about being a parent)
420_turn_035,parent_differences (what are some ways that you're different as a parent than your parents)
420_turn_036,give_example (can you give me an example of that)
420_turn_037,okay_confirm (okay)
420_turn_038,tell_about_that (can you tell me about that)
420_turn_039,okay_confirm (okay)
420_turn_040,sleep_affects (what are you like when you don't sleep well)
420_turn_041,feel_lately (how have you been feeling lately)
420_turn_042,hmm_downer (hmm)
420_turn_043,depression_diagnosed (have you been diagnosed with depression)
420_turn_044,okay_confirm (okay)
420_turn_045,tell_about_that (can you tell me about that)
420_turn_046,great_situation (that sounds like a great situation)
420_turn_047,self_change (what are some things you wish you could change about yourself)
420_turn_048,okay_confirm (okay)
420_turn_049,advice_back (what advice would you give to yourself ten or twenty years ago)
420_turn_050,hmm_downer (hmm)
420_turn_051,ideal_weekendC (tell me how you spend your ideal weekend)
420_turn_052,nice (nice)
422_turn_000,really (really)
422_turn_001,very_young (you were very young weren't you)
422_turn_002,cool3 (cool)
422_turn_003,mhm (mhm)
422_turn_004,yeah_downer (yeah)
422_turn_005,yes (yes)
422_turn_006,travel_changed (what do you enjoy about traveling)
422_turn_007,mhm (mhm)
422_turn_008,yeah2 (yeah)
422_turn_009,wow (wow)
422_turn_010,awesome (awesome)
422_turn_011,thats_great (that's great)
422_turn_012,shyoutgoing (do you consider yourself more shy or outgoing)
422_turn_013,makes_sense (that makes sense)
422_turn_014,uh_huh (uh huh)
422_turn_015,thats_good (that's good)
422_turn_016,mind (whatever comes to your mind)
422_turn_017,okay_confirm (okay)
422_turn_018,hard_decisionB (tell me about the hardest decision you've ever had to make)
422_turn_019,hard_decision (how did you decide to do that)
422_turn_020,been_hard (that sounds really hard)
422_turn_021,Ellie17Dec2012_03 (that's good)
422_turn_022,wild_laughter5 ((laughter))
422_turn_023,yeah_downer (yeah)
422_turn_024,uh_huh (uh huh)
422_turn_025,mm (mm)
422_turn_026,yeah_downer (yeah)
422_turn_027,tell_about_that (can you tell me about that)
422_turn_028,feel_lately (how have you been feeling lately)
422_turn_029,sorry_hear (i'm sorry to hear that)
422_turn_030,ptsd_diagnosed (have you ever been diagnosed with p_t_s_d)
422_turn_031,depression_diagnosed (have you been diagnosed with depression)
422_turn_032,isee_downer (i see)
422_turn_033,downer (okay)
422_turn_034,happy_lasttime (tell me about the last time you felt really happy)
422_turn_035,Ellie17Dec2012_10 (tell me about something you did recently that you really enjoyed)
422_turn_036,wild_laughter5 ((laughter))
422_turn_037,nice (nice)
422_turn_038,BF_describe (how would your best friend describe you)
422_turn_039,why2 (why)
422_turn_040,isee_downer (i see)
422_turn_041,Ellie17Dec2012_08 (what are you most proud of in your life)
422_turn_042,thats_great (that's great)
436_turn_000,often_backB (how often do you go back to your hometown)
436_turn_001,compares_LA (how does it compare to l_a)
436_turn_002,mhm (mhm)
436_turn_003,like_about_LA (what are some things you really like about l_a)
436_turn_004,yeah3 (yeah)
436_turn_005,see_mean (i see what you mean)
436_turn_006,cool3 (cool)
436_turn_007,memorableB (what's one of your most memorable experiences)
436_turn_008,yeah3 (yeah)
436_turn_009,wow (wow)
436_turn_010,hard_decision (how did you decide to do that)
436_turn_011,dream_job (what's your dream job)
436_turn_012,uh_huh (uh huh)
436_turn_013,okay_confirm (okay)
436_turn_014,control_temper (how are you at controlling your temper)
436_turn_015,last_argument (when was the last time you argued with someone and what was it about)
436_turn_016,that_sucks (that sucks)
436_turn_017,wild_laughter5 ((laughter))
436_turn_018,yeah3 (yeah)
436_turn_019,mm (mm)
436_turn_020,feelguilty (what's something you feel guilty about)
436_turn_021,okay_confirm (okay)
436_turn_022,okay_confirm (okay)
436_turn_023,tell_about_that (can you tell me about that)
436_turn_024,sorry_hear (i'm sorry to hear that)
436_turn_025,thats_good (that's good)
436_turn_026,yeah3 (yeah)
436_turn_027,uh_huh (uh huh)
436_turn_028,wild_laughter3 ((laughter))
436_turn_029,sleep_affects (what are you like when you don't sleep well)
436_turn_030,mm (mm)
436_turn_031,behavior_changes (have you noticed any changes in your behavior or thoughts lately)
436_turn_032,ptsd_diagnosed (have you ever been diagnosed with p_t_s_d)
436_turn_033,depression_diagnosed (have you been diagnosed with depression)
436_turn_034,happy_lasttime (tell me about the last time you felt really happy)
436_turn_035,awesome (awesome)
436_turn_036,yeah3 (yeah)
436_turn_037,uh_huh (uh huh)
436_turn_038,feelbadly (tell me about a time when someone made you feel really badly about yourself)
436_turn_039,wild_laughter3 ((laughter))
436_turn_040,yeah3 (yeah)
436_turn_041,understand (i understand)
436_turn_042,mm (mm)
436_turn_043,good_hear (that's so good to hear)
436_turn_044,bye (goodbye)
439_turn_000,really (really)
439_turn_001,mhm (mhm)
439_turn_002,wow (wow)
439_turn_003,see_mean (i see what you mean)
439_turn_004,travel_changed (what do you enjoy about traveling)
439_turn_005,travel_trips (i'd love to hear about one of your trips)
439_turn_006,thats_great (that's great)
439_turn_007,relax_fishtank (sometimes when i'm feeling tense i turn on the fish tank screensaver hey i know it's not hawaii but it's the best i've got what do you do to relax)
439_turn_008,memorableB (what's one of your most memorable experiences)
439_turn_009,aw (aw)
439_turn_010,mhm (mhm)
439_turn_011,good_hear (that's so good to hear)
439_turn_012,yeah3 (yeah)
439_turn_013,thats_great (that's great)
439_turn_014,parent_differences (what are some ways that you're different as a parent than your parents)
439_turn_015,okay_confirm (okay)
439_turn_016,yeah2 (yeah)
439_turn_017,describe_felt (how did you feel in that moment)
439_turn_018,right2 (right)
439_turn_019,that_sucks (that sucks)
439_turn_020,yeah_downer (yeah)
439_turn_021,situation_handled (tell me about a situation that you wish you had handled differently)
439_turn_022,yeah3 (yeah)
439_turn_023,been_hard (that sounds really hard)
439_turn_024,makes_sense (that makes sense)
439_turn_025,mhm (mhm)
439_turn_026,feel_lately (how have you been feeling lately)
439_turn_027,symptoms_cope (how do you cope with them)
439_turn_028,behavior_changes (have you noticed any changes in your behavior or thoughts lately)
439_turn_029,depression_diagnosed (have you been diagnosed with depression)
439_turn_030,happy_lasttime (tell me about the last time you felt really happy)
439_turn_031,good_hear (that's so good to hear)
439_turn_032,uh_huh (uh huh)
439_turn_033,self_change (what are some things you wish you could change about yourself)
439_turn_034,mhm (mhm)
439_turn_035,regret (is there anything you regret)
439_turn_036,advice_back (what advice would you give to yourself ten or twenty years ago)
439_turn_037,Ellie17Dec2012_08 (what are you most proud of in your life)
439_turn_038,asked_everything (okay i think i have asked everything i need to)
440_turn_000,thats_good (that's good)
440_turn_001,really (really)
440_turn_002,mhm (mhm)
440_turn_003,see_mean (i see what you mean)
440_turn_004,travel_changed (what do you enjoy about traveling)
440_turn_005,travel_trips (i'd love to hear about one of your trips)
440_turn_006,memorableB (what's one of your most memorable experiences)
440_turn_007,wow (wow)
440_turn_008,hard_decision (how did you decide to do that)
440_turn_009,thats_good (that's good)
440_turn_010,nice (nice)
440_turn_011,easy_parent (do you find it easy to be a parent)
440_turn_012,parent_hardest (what's the hardest thing about being a parent)
440_turn_013,like_what (like what)
440_turn_014,mhm (mhm)
440_turn_015,thats_good (that's good)
440_turn_016,uh_huh (uh huh)
440_turn_017,thats_great (that's great)
440_turn_018,yeah_downer (yeah)
440_turn_019,last_argument (when was the last time you argued with someone and what was it about)
440_turn_020,describe_felt (how did you feel in that moment)
440_turn_021,tell_about_that (can you tell me about that)
440_turn_022,been_hard (that sounds really hard)
440_turn_023,okay_confirm (okay)
440_turn_024,okay_confirm (okay)
440_turn_025,tell_about_that (can you tell me about that)
440_turn_026,change_directions (what made you decide to do that)
440_turn_027,sorry_hear (i'm sorry to hear that)
440_turn_028,why2 (why)
440_turn_029,feel_lately (how have you been feeling lately)
440_turn_030,behavior_changes (have you noticed any changes in your behavior or thoughts lately)
440_turn_031,trigger (are they triggered by something)
440_turn_032,ptsd_diagnosed (have you ever been diagnosed with p_t_s_d)
440_turn_033,depression_diagnosed (have you been diagnosed with depression)
440_turn_034,when_diagnosed (how long ago were you diagnosed)
440_turn_035,why_seek_help (what got you to seek help)
440_turn_036,therapy_going (do you still go to therapy now)
440_turn_037,therapy_changes (what sort of changes have you noticed since you've been going to therapy)
440_turn_038,Ellie17Dec2012_03 (that's good)
440_turn_039,BF_describe (how would your best friend describe you)
440_turn_040,mhm (mhm)
440_turn_041,like_what (like what)
440_turn_042,regret (is there anything you regret)
440_turn_043,advice_back (what advice would you give to yourself ten or twenty years ago)
440_turn_044,mhm (mhm)
440_turn_045,describe_felt (how did you feel in that moment)
440_turn_046,Ellie17Dec2012_08 (what are you most proud of in your life)
440_turn_047,thats_great (that's great)
472_turn_000,thats_good (that's good)
472_turn_001,really (really)
472_turn_002,mhm (mhm)
472_turn_003,see_mean (i see what you mean)
472_turn_004,sounds_interesting (that sounds interesting)
472_turn_005,still_working_on_X (are you still working in that)
472_turn_006,difficult (how hard is that)
472_turn_007,tell_about_that (can you tell me about that)
472_turn_008,mm (mm)
472_turn_009,relax_fishtank (sometimes when i'm feeling tense i turn on the fish tank screensaver hey i know it's not hawaii but it's the best i've got what do you do to relax)
472_turn_010,okay_confirm (okay)
472_turn_011,good_hear (that's so good to hear)
472_turn_012,last_argument (when was the last time you argued with someone and what was it about)
472_turn_013,wild_laughter3 ((laughter))
472_turn_014,mhm (mhm)
472_turn_015,parent_hardest (what's the hardest thing about being a parent)
472_turn_016,yeah_downer (yeah)
472_turn_017,parent_differences (what are some ways that you're different as a parent than your parents)
472_turn_018,yeah3 (yeah)
472_turn_019,okay_confirm (okay)
472_turn_020,tell_about_that (can you tell me about that)
472_turn_021,yeah_downer (yeah)
472_turn_022,okay_confirm (okay)
472_turn_023,makes_sense (that makes sense)
472_turn_024,tell_about_that (can you tell me about that)
472_turn_025,okay_confirm (okay)
472_turn_026,thats_good (that's good)
472_turn_027,okay_confirm (okay)
472_turn_028,depression_diagnosed (have you been diagnosed with depression)
472_turn_029,happy_lasttime (tell me about the last time you felt really happy)
472_turn_030,aw (aw)
472_turn_031,great_situation (that sounds like a great situation)
472_turn_032,uh_huh (uh huh)
472_turn_033,feelbadly (tell me about a time when someone made you feel really badly about yourself)
472_turn_034,okay_confirm (okay)
472_turn_035,advice_back (what advice would you give to yourself ten or twenty years ago)
472_turn_036,okay_confirm (okay)
472_turn_037,nice (nice)
472_turn_038,good_hear (that's so good to hear)
476_turn_000,wild_laughter3 ((laughter))
476_turn_001,really (really)
476_turn_002,like_what (like what)
476_turn_003,mhm (mhm)
476_turn_004,see_mean (i see what you mean)
476_turn_005,why2 (why)
476_turn_006,understand (i understand)
476_turn_007,travel_trips (i'd love to hear about one of your trips)
476_turn_008,nice (nice)
476_turn_009,thats_great (that's great)
476_turn_010,sounds_interesting (that sounds interesting)
476_turn_011,still_working_on_X (are you still working in that)
476_turn_012,difficult (how hard is that)
476_turn_013,why2 (why)
476_turn_014,that_sucks (that sucks)
476_turn_015,relax_fishtank (sometimes when i'm feeling tense i turn on the fish tank screensaver hey i know it's not hawaii but it's the best i've got what do you do to relax)
476_turn_016,thats_good (that's good)
476_turn_017,mhm (mhm)
476_turn_018,okay_confirm (okay)
476_turn_019,okay_confirm (okay)
476_turn_020,hmmB (hmm)
476_turn_021,okay_confirm (okay)
476_turn_022,understand (i understand)
476_turn_023,yeah3 (yeah)
476_turn_024,okay_confirm (okay)
476_turn_025,thats_good (that's good)
476_turn_026,uh_huh (uh huh)
476_turn_027,behavior_changes (have you noticed any changes in your behavior or thoughts lately)
476_turn_028,ptsd_diagnosed (have you ever been diagnosed with p_t_s_d)
476_turn_029,depression_diagnosed (have you been diagnosed with depression)
476_turn_030,happy_lasttime (tell me about the last time you felt really happy)
476_turn_031,awesome (awesome)
476_turn_032,self_change (what are some things you wish you could change about yourself)
476_turn_033,tell_about_that (can you tell me about that)
476_turn_034,why2 (why)
476_turn_035,isee_downer (i see)
476_turn_036,im_sorry (i'm sorry)
476_turn_037,regret (is there anything you regret)
476_turn_038,change_directions (what made you decide to do that)
476_turn_039,okay_confirm (okay)
476_turn_040,uh_huh (uh huh)
476_turn_041,nice (nice)
476_turn_042,asked_everything (okay i think i have asked everything i need to)
476_turn_043,appreciate_open (thanks for sharing your thoughts with me)
476_turn_044,bye (goodbye)
477_turn_000,thats_good (that's good)
477_turn_001,really (really)
477_turn_002,often_backB (how often do you go back to your hometown)
477_turn_003,compares_LA (how does it compare to l_a)
477_turn_004,mhm (mhm)
477_turn_005,happy_didthat (are you happy you did that)
477_turn_006,good_hear (that's so good to hear)
477_turn_007,living_situation (how do you like your living situation)
477_turn_008,awesome (awesome)
477_turn_009,hard_decision (how did you decide to do that)
477_turn_010,still_working_on_X (are you still working in that)
477_turn_011,mhm (mhm)
477_turn_012,dream_job (what's your dream job)
477_turn_013,difficult (how hard is that)
477_turn_014,yeah_downer (yeah)
477_turn_015,why2 (why)
477_turn_016,okay_confirm (okay)
477_turn_017,landed_trouble (has that gotten you in trouble)
477_turn_018,last_argument (when was the last time you argued with someone and what was it about)
477_turn_019,mm (mm)
477_turn_020,mhm (mhm)
477_turn_021,back_later (let's come back to that later)
477_turn_022,memory_erase (tell me about an event or something that you wish you could erase from your memory)
477_turn_023,mhm (mhm)
477_turn_024,okay_confirm (okay)
477_turn_025,understand (i understand)
477_turn_026,okay_confirm (okay)
477_turn_027,good_hear (that's so good to hear)
477_turn_028,uh_huh (uh huh)
477_turn_029,okay_confirm (okay)
477_turn_030,behavior_changes (have you noticed any changes in your behavior or thoughts lately)
477_turn_031,im_sorry (i'm sorry)
477_turn_032,ptsd_diagnosed (have you ever been diagnosed with p_t_s_d)
477_turn_033,depression_diagnosed (have you been diagnosed with depression)
477_turn_034,happy_lasttime (tell me about the last time you felt really happy)
477_turn_035,BF_describe (how would your best friend describe you)
477_turn_036,okay_confirm (okay)
477_turn_037,okay_confirm (okay)
477_turn_038,yeah2 (yeah)
477_turn_039,yeah_downer (yeah)
477_turn_040,hmmB (hmm)
477_turn_041,okay_confirm (okay)
477_turn_042,nice (nice)
482_turn_000,really (really)
482_turn_001,why2 (why)
482_turn_002,okay_confirm (okay)
482_turn_003,mhm (mhm)
482_turn_004,yeah3 (yeah)
482_turn_005,see_mean (i see what you mean)
482_turn_006,travel_changed (what do you enjoy about traveling)
482_turn_007,travel_trips (i'd love to hear about one of your trips)
482_turn_008,nice (nice)
482_turn_009,yeah3 (yeah)
482_turn_010,mhm (mhm)
482_turn_011,why2 (why)
482_turn_012,study (what did you study at school)
482_turn_013,cool3 (cool)
482_turn_014,happy_didthat (are you happy you did that)
482_turn_015,dream_job (what's your dream job)
482_turn_016,change_directions (what made you decide to do that)
482_turn_017,thats_great (that's great)
482_turn_018,family_roleB (how close are you to your family)
482_turn_019,isee_downer (i see)
482_turn_020,tell_about_that (can you tell me about that)
482_turn_021,okay_confirm (okay)
482_turn_022,right2 (right)
482_turn_023,last_argument (when was the last time you argued with someone and what was it about)
482_turn_024,yeah2 (yeah)
482_turn_025,describe_felt (how did you feel in that moment)
482_turn_026,yeah3 (yeah)
482_turn_027,mm (mm)
482_turn_028,downer (okay)
482_turn_029,yeah_downer (yeah)
482_turn_030,mhm (mhm)
482_turn_031,okay_confirm (okay)
482_turn_032,yeah3 (yeah)
482_turn_033,understand (i understand)
482_turn_034,sleep_affects (what are you like when you don't sleep well)
482_turn_035,feel_lately (how have you been feeling lately)
482_turn_036,thats_good (that's good)
482_turn_037,depression_diagnosed (have you been diagnosed with depression)
482_turn_038,happy_lasttime (tell me about the last time you felt really happy)
482_turn_039,good_hear (that's so good to hear)
482_turn_040,mhm (mhm)
482_turn_041,uh_huh (uh huh)
482_turn_042,okay_confirm (okay)
482_turn_043,Ellie17Dec2012_08 (what are you most proud of in your life)
482_turn_044,asked_everything (okay i think i have asked everything i need to)
483_turn_000,where_originally (where are you from originally)
483_turn_001,really (really)
483_turn_002,often_backB (how often do you go back to your hometown)
483_turn_003,why2 (why)
483_turn_004,okay_confirm (okay)
483_turn_005,Ellie17Dec2012_06 (wow)
483_turn_006,mhm (mhm)
483_turn_007,dont_like_LA (what are some things you don't really like about l_a)
483_turn_008,wild_laughter3 ((laughter))
483_turn_009,why2 (why)
483_turn_010,understand (i understand)
483_turn_011,travel_trips (i'd love to hear about one of your trips)
483_turn_012,memorableB (what's one of your most memorable experiences)
483_turn_013,mind (whatever comes to your mind)
483_turn_014,wild_laughter3 ((laughter))
483_turn_015,oh_my_gosh (oh my gosh)
483_turn_016,okay_confirm (okay)
483_turn_017,sounds_interesting (that sounds interesting)
483_turn_018,yeah3 (yeah)
483_turn_019,okay_confirm (okay)
483_turn_020,why2 (why)
483_turn_021,mhm (mhm)
483_turn_022,see_mean (i see what you mean)
483_turn_023,uh_huh (uh huh)
483_turn_024,control_temper (how are you at controlling your temper)
483_turn_025,landed_trouble (has that gotten you in trouble)
483_turn_026,tell_about_that (can you tell me about that)
483_turn_027,last_argument (when was the last time you argued with someone and what was it about)
483_turn_028,mind (whatever comes to your mind)
483_turn_029,uh_huh (uh huh)
483_turn_030,describe_felt (how did you feel in that moment)
483_turn_031,okay_confirm (okay)
483_turn_032,hmm_downer (hmm)
483_turn_033,yeah_downer (yeah)
483_turn_034,mm (mm)
483_turn_035,change_directions (what made you decide to do that)
483_turn_036,okay_confirm (okay)
483_turn_037,yeah_downer (yeah)
483_turn_038,depression_diagnosed (have you been diagnosed with depression)
483_turn_039,when_diagnosed (how long ago were you diagnosed)
483_turn_040,mhm (mhm)
483_turn_041,why_seek_help (what got you to seek help)
483_turn_042,therapy_going (do you still go to therapy now)
483_turn_043,stop_going (why did you stop)
483_turn_044,therapy_useful (do you feel like therapy is useful)
483_turn_045,right2 (right)
483_turn_046,yeah_downer (yeah)
483_turn_047,good_hear (that's so good to hear)
483_turn_048,yeah3 (yeah)
483_turn_049,see_mean (i see what you mean)
483_turn_050,okay_confirm (okay)
483_turn_051,wild_laughter3 ((laughter))
483_turn_052,yeah3 (yeah)
483_turn_053,okay_confirm (okay)
483_turn_054,mm (mm)
483_turn_055,okay_confirm (okay)
483_turn_056,yeah3 (yeah)
483_turn_057,asked_everything (okay i think i have asked everything i need to)
483_turn_058,yeah3 (yeah)
484_turn_000,IntroV4Confirmation (hi i'm ellie thanks for coming in today i was created to talk to people in a safe and secure environment i'm not a therapist but i'm here to learn about people and would love to learn about you i'll ask a few questions to get us started and please feel free to tell me anything your answers are totally confidential are you ok with this)
484_turn_001,really (really)
484_turn_002,mhm (mhm)
484_turn_003,see_mean (i see what you mean)
484_turn_004,travel_changed (what do you enjoy about traveling)
484_turn_005,uh_huh (uh huh)
484_turn_006,nice (nice)
484_turn_007,mhm (mhm)
484_turn_008,thats_great (that's great)
484_turn_009,dream_job (what's your dream job)
484_turn_010,okay_confirm (okay)
484_turn_011,makes_sense (that makes sense)
484_turn_012,mhm (mhm)
484_turn_013,cool3 (cool)
484_turn_014,thats_good (that's good)
484_turn_015,hmm_downer (hmm)
484_turn_016,downer (okay)
484_turn_017,mhm (mhm)
484_turn_018,okay_confirm (okay)
484_turn_019,yeah_downer (yeah)
484_turn_020,makes_sense (that makes sense)
484_turn_021,sorry_hear (i'm sorry to hear that)
484_turn_022,uh_huh (uh huh)
484_turn_023,influence_positive (who's someone that's been a positive influence in your life)
484_turn_024,thats_great (that's great)
484_turn_025,why2 (why)
484_turn_026,understand (i understand)
484_turn_027,symptoms_cope (how do you cope with them)
484_turn_028,mhm (mhm)
484_turn_029,uh_huh (uh huh)
484_turn_030,depression_diagnosed (have you been diagnosed with depression)
484_turn_031,when_diagnosed (how long ago were you diagnosed)
484_turn_032,why_seek_help (what got you to seek help)
484_turn_033,yeah_downer (yeah)
484_turn_034,therapy_useful (do you feel like therapy is useful)
484_turn_035,therapy_changes (what sort of changes have you noticed since you've been going to therapy)
484_turn_036,thats_good (that's good)
484_turn_037,awesome (awesome)
484_turn_038,uh_huh (uh huh)
484_turn_039,okay_confirm (okay)
484_turn_040,okay_confirm (okay)
484_turn_041,good_hear (that's so good to hear)
489_turn_000,thats_good (that's good)
489_turn_001,really (really)
489_turn_002,often_backB (how often do you go back to your hometown)
489_turn_003,compares_LA (how does it compare to l_a)
489_turn_004,why_LA (why did you move to l_a)
489_turn_005,cool3 (cool)
489_turn_006,still_working_on_X (are you still working in that)
489_turn_007,awesome (awesome)
489_turn_008,difficult (how hard is that)
489_turn_009,dream_job (what's your dream job)
489_turn_010,okay_confirm (okay)
489_turn_011,see_mean (i see what you mean)
489_turn_012,travel_shoes (i'm sure you can tell by my shoes i'm not much of a world explorer do you travel a lot)
489_turn_013,travel_changed (what do you enjoy about traveling)
489_turn_014,travel_trips (i'd love to hear about one of your trips)
489_turn_015,nice (nice)
489_turn_016,tell_about_that (can you tell me about that)
489_turn_017,wow (wow)
489_turn_018,uh_huh (uh huh)
489_turn_019,last_argument (when was the last time you argued with someone and what was it about)
489_turn_020,describe_felt (how did you feel in that moment)
489_turn_021,situation_handled (tell me about a situation that you wish you had handled differently)
489_turn_022,hmm_downer (hmm)
489_turn_023,mind (whatever comes to your mind)
489_turn_024,okay_confirm (okay)
489_turn_025,why2 (why)
489_turn_026,see_mean (i see what you mean)
489_turn_027,family_roleB (how close are you to your family)
489_turn_028,thats_great (that's great)
489_turn_029,mind (whatever comes to your mind)
489_turn_030,uh_huh (uh huh)
489_turn_031,okay_confirm (okay)
489_turn_032,sleep_affects (what are you like when you don't sleep well)
489_turn_033,feel_lately (how have you been feeling lately)
489_turn_034,depression_diagnosed (have you been diagnosed with depression)
489_turn_035,happy_lasttime (tell me about the last time you felt really happy)
489_turn_036,thats_good (that's good)
489_turn_037,mhm (mhm)
489_turn_038,feelbadly (tell me about a time when someone made you feel really badly about yourself)
489_turn_039,okay_confirm (okay)
489_turn_040,nice (nice)
489_turn_041,Ellie17Dec2012_07 (what would you say are some of your best qualities)
489_turn_042,okay_confirm (okay)
489_turn_043,uh_huh (uh huh)
489_turn_044,why2 (why)
489_turn_045,see_mean (i see what you mean)
489_turn_046,yeah3 (yeah)
489_turn_047,advice_back (what advice would you give to yourself ten or twenty years ago)
489_turn_048,why2 (why)
489_turn_049,makes_sense (that makes sense)
489_turn_050,okay_confirm (okay)
489_turn_051,mhm (mhm)
489_turn_052,asked_everything (okay i think i have asked everything i need to)
489_turn_053,name_ellie (i'm ellie)
490_turn_000,thats_good (that's good)
490_turn_001,really (really)
490_turn_002,often_backB (how often do you go back to your hometown)
490_turn_003,why2 (why)
490_turn_004,cool3 (cool)
490_turn_005,see_mean (i see what you mean)
490_turn_006,tell_about_that (can you tell me about that)
490_turn_007,mm (mm)
490_turn_008,travel_trips (i'd love to hear about one of your trips)
490_turn_009,nice (nice)
490_turn_010,cool3 (cool)
490_turn_011,mhm (mhm)
490_turn_012,control_temper (how are you at controlling your temper)
490_turn_013,last_argument (when was the last time you argued with someone and what was it about)
490_turn_014,situation_handled (tell me about a situation that you wish you had handled differently)
490_turn_015,give_example (can you give me an example of that)
490_turn_016,okay_confirm (okay)
490_turn_017,hard_decision (how did you decide to do that)
490_turn_018,study (what did you study at school)
490_turn_019,sounds_interesting (that sounds interesting)
490_turn_020,thats_good (that's good)
490_turn_021,okay_confirm (okay)
490_turn_022,family_roleB (how close are you to your family)
490_turn_023,kids_elaborate (tell me about your kids)
490_turn_024,easy_parent (do you find it easy to be a parent)
490_turn_025,parent_hardest (what's the hardest thing about being a parent)
490_turn_026,yeah3 (yeah)
490_turn_027,parent_differences (what are some ways that you're different as a parent than your parents)
490_turn_028,influence_positive (who's someone that's been a positive influence in your life)
490_turn_029,tell_about_that (can you tell me about that)
490_turn_030,good_hear (that's so good to hear)
490_turn_031,sleep_affects (what are you like when you don't sleep well)
490_turn_032,mhm (mhm)
490_turn_033,thats_great (that's great)
490_turn_034,uh_huh (uh huh)
490_turn_035,depression_diagnosed (have you been diagnosed with depression)
490_turn_036,happy_lasttime (tell me about the last time you felt really happy)
490_turn_037,BF_describe (how would your best friend describe you)
490_turn_038,okay_confirm (okay)
490_turn_039,mm (mm)
490_turn_040,advice_back (what advice would you give to yourself ten or twenty years ago)
490_turn_041,mhm (mhm)
490_turn_042,okay_confirm (okay)
490_turn_043,cool3 (cool)
490_turn_044,thats_great (that's great)
492_turn_000,thats_good (that's good)
492_turn_001,long_time (that's a long time)
492_turn_002,often_backB (how often do you go back to your hometown)
492_turn_003,why2 (why)
492_turn_004,understand (i understand)
492_turn_005,mhm (mhm)
492_turn_006,happy_didthat (are you happy you did that)
492_turn_007,like_about_LA (what are some things you really like about l_a)
492_turn_008,uh_huh (uh huh)
492_turn_009,dont_like_LA (what are some things you don't really like about l_a)
492_turn_010,see_mean (i see what you mean)
492_turn_011,okay_confirm (okay)
492_turn_012,sounds_interesting (that sounds interesting)
492_turn_013,uh_huh (uh huh)
492_turn_014,cool3 (cool)
492_turn_015,tell_about_that (can you tell me about that)
492_turn_016,thats_good (that's good)
492_turn_017,relax_fishtank (sometimes when i'm feeling tense i turn on the fish tank screensaver hey i know it's not hawaii but it's the best i've got what do you do to relax)
492_turn_018,bouts_symptoms (when was the last time that happened)
492_turn_019,okay_confirm (okay)
492_turn_020,wow (wow)
492_turn_021,yeah_downer (yeah)
492_turn_022,see_mean (i see what you mean)
492_turn_023,okay_confirm (okay)
492_turn_024,thats_good (that's good)
492_turn_025,mhm (mhm)
492_turn_026,okay_confirm (okay)
492_turn_027,right2 (right)
492_turn_028,mm (mm)
492_turn_029,influence_positive (who's someone that's been a positive influence in your life)
492_turn_030,mhm (mhm)
492_turn_031,easy_sleep (how easy is it for you to get a good night's sleep)
492_turn_032,feel_lately (how have you been feeling lately)
492_turn_033,behavior_changes (have you noticed any changes in your behavior or thoughts lately)
492_turn_034,depression_diagnosed (have you been diagnosed with depression)
492_turn_035,happy_lasttime (tell me about the last time you felt really happy)
492_turn_036,good_hear (that's so good to hear)
492_turn_037,wild_laughter3 ((laughter))
492_turn_038,okay_confirm (okay)
492_turn_039,mhm (mhm)
492_turn_040,mm (mm)
492_turn_041,asked_everything (okay i think i have asked everything i need to)
